山手線,東京,1,5番線,4番線,#8ec31f
山手線,神田,2,3番線,2番線,#8ec31f
山手線,秋葉原,3,2番線,3番線,#8ec31f
山手線,御徒町,4,2番線,3番線,#8ec31f
山手線,上野,5,2番線,3番線,#8ec31f
山手線,鶯谷,6,1番線,2番線,#8ec31f
山手線,日暮里,7,11番線,12番線,#8ec31f
山手線,西日暮里,8,2番線,3番線,#8ec31f
山手線,田端,9,3番線,2番線,#8ec31f
山手線,駒込,10,1番線,2番線,#8ec31f
山手線,巣鴨,11,1番線,2番線,#8ec31f
山手線,大塚,12,1番線,2番線,#8ec31f
山手線,池袋,13,7・8番線,5・6番線,#8ec31f
山手線,目白,14,1番線,2番線,#8ec31f
山手線,高田馬場,15,2番線,1番線,#8ec31f
山手線,新大久保,16,2番線,1番線,#8ec31f
山手線,新宿,17,15番線,14番線,#8ec31f
山手線,代々木,18,2番線,1番線,#8ec31f
山手線,原宿,19,2番線,1番線,#8ec31f
山手線,渋谷,20,2番線,1番線,#8ec31f
山手線,恵比寿,21,1番線,2番線,#8ec31f
山手線,目黒,22,1番線,2番線,#8ec31f
山手線,五反田,23,1番線,2番線,#8ec31f
山手線,大崎,24,1・2番線,3・4番線,#8ec31f
山手線,品川,25,1番線,2番線,#8ec31f
山手線,高輪ゲートウェイ,26,1番線,2番線,#8ec31f
山手線,田町,27,1番線,4番線,#8ec31f
山手線,浜松町,28,1番線,2番線,#8ec31f
山手線,新橋,29,1番線,2番線,#8ec31f
山手線,有楽町,30,1番線,2番線,#8ec31f
山手線,東京(終),31,5番線,4番線,#8ec31f
line_name,station_name,seq,down_pf,up_pf,line_color
京浜東北・根岸線,大宮,1,1・2番線,(当駅止まり),#00b2e5
京浜東北・根岸線,さいたま新都心,2,1番線,2番線,#00b2e5
京浜東北・根岸線,与野,3,1番線,2番線,#00b2e5
京浜東北・根岸線,北浦和,4,1番線,2番線,#00b2e5
京浜東北・根岸線,浦和,5,1番線,2番線,#00b2e5
京浜東北・根岸線,南浦和,6,1番線,2番線,#00b2e5
京浜東北・根岸線,蕨,7,1番線,2番線,#00b2e5
京浜東北・根岸線,西川口,8,1番線,2番線,#00b2e5
京浜東北・根岸線,川口,9,1番線,2番線,#00b2e5
京浜東北・根岸線,赤羽,10,1番線,4番線,#00b2e5
京浜東北・根岸線,東十条,11,1・2番線,3・4番線,#00b2e5
京浜東北・根岸線,王子,12,1番線,2番線,#00b2e5
京浜東北・根岸線,上中里,13,1番線,2番線,#00b2e5
京浜東北・根岸線,田端,14,1番線,4番線,#00b2e5
京浜東北・根岸線,西日暮里,15,1番線,4番線,#00b2e5
京浜東北・根岸線,日暮里,16,9番線,12番線,#00b2e5
京浜東北・根岸線,鶯谷,17,1番線,4番線,#00b2e5
京浜東北・根岸線,上野,18,1番線,4番線,#00b2e5
京浜東北・根岸線,御徒町,19,1番線,4番線,#00b2e5
京浜東北・根岸線,秋葉原,20,1番線,4番線,#00b2e5
京浜東北・根岸線,神田,21,1番線,4番線,#00b2e5
京浜東北・根岸線,東京,22,6番線,3番線,#00b2e5
京浜東北・根岸線,有楽町,23,2番線,3番線,#00b2e5
京浜東北・根岸線,新橋,24,3番線,6番線,#00b2e5
京浜東北・根岸線,浜松町,25,3番線,4番線,#00b2e5
京浜東北・根岸線,田町,26,1番線,4番線,#00b2e5
京浜東北・根岸線,高輪ゲートウェイ,27,3番線,4番線,#00b2e5
京浜東北・根岸線,品川,28,5番線,4番線,#00b2e5
京浜東北・根岸線,大井町,29,1番線,2番線,#00b2e5
京浜東北・根岸線,大森,30,1番線,2番線,#00b2e5
京浜東北・根岸線,蒲田,31,1・2番線,3・4番線,#00b2e5
京浜東北・根岸線,川崎,32,1番線,4番線,#00b2e5
京浜東北・根岸線,鶴見,33,1番線,2番線,#00b2e5
京浜東北・根岸線,新子安,34,1番線,2番線,#00b2e5
京浜東北・根岸線,東神奈川,35,1・2番線,3・4番線,#00b2e5
京浜東北・根岸線,横浜,36,3番線,4番線,#00b2e5
京浜東北・根岸線,桜木町,37,1番線,2番線,#00b2e5
京浜東北・根岸線,関内,38,1番線,2番線,#00b2e5
京浜東北・根岸線,石川町,39,1番線,2番線,#00b2e5
京浜東北・根岸線,山手,40,1番線,2番線,#00b2e5
京浜東北・根岸線,根岸,41,1番線,2番線,#00b2e5
京浜東北・根岸線,磯子,42,1番線,2番線,#00b2e5
京浜東北・根岸線,新杉田,43,1番線,2番線,#00b2e5
京浜東北・根岸線,洋光台,44,1番線,2番線,#00b2e5
京浜東北・根岸線,港南台,45,1番線,2番線,#00b2e5
京浜東北・根岸線,本郷台,46,1番線,2番線,#00b2e5
京浜東北・根岸線,大船,47,(当駅止まり),9・10番線,#00b2e5
line_name,station_name,seq,down_pf,up_pf,line_color
中央線快速,東京,1,1・2番線,(当駅止まり),#f15a22
中央線快速,神田,2,6番線,5番線,#f15a22
中央線快速,御茶ノ水,3,1番線,4番線,#f15a22
中央線快速,四ツ谷,4,1番線,4番線,#f15a22
中央線快速,新宿,5,11・12番線,7・8番線,#f15a22
中央線快速,中野,6,7・8番線,2番線,#f15a22
中央線快速,高円寺,7,2番線,3番線,#f15a22
中央線快速,阿佐ケ谷,8,2番線,3番線,#f15a22
中央線快速,荻窪,9,2番線,3番線,#f15a22
中央線快速,西荻窪,10,2番線,3番線,#f15a22
中央線快速,吉祥寺,11,1番線,2番線,#f15a22
中央線快速,三鷹,12,3〜6番線,1・2番線,#f15a22
中央線快速,武蔵境,13,1番線,2番線,#f15a22
中央線快速,東小金井,14,1番線,2番線,#f15a22
中央線快速,武蔵小金井,15,1・2番線,3・4番線,#f15a22
中央線快速,国分寺,16,1・2番線,3・4番線,#f15a22
中央線快速,西国分寺,17,1番線,2番線,#f15a22
中央線快速,国立,18,1番線,2番線,#f15a22
中央線快速,立川,19,3〜6番線,1・2番線,#f15a22
中央線快速,日野,20,1番線,2番線,#f15a22
中央線快速,豊田,21,1・2番線,3・4番線,#f15a22
中央線快速,八王子,22,2番線,3番線,#f15a22
中央線快速,西八王子,23,1番線,2番線,#f15a22
中央線快速,高尾,24,2〜4番線,1・2番線,#f15a22
line_name,station_name,seq,down_pf,up_pf,line_color
中央本線,高尾,1,1〜4番線,1〜4番線,#000080
中央本線,相模湖,2,1番線,3番線,#000080
中央本線,藤野,3,1番線,2番線,#000080
中央本線,上野原,4,1番線,2番線,#000080
中央本線,四方津,5,1番線,3番線,#000080
中央本線,梁川,6,1番線,2番線,#000080
中央本線,鳥沢,7,1番線,2番線,`#000080"
中央本線,猿橋,8,1番線,2番線,#000080
中央本線,大月,9,3〜5番線,3〜5番線,#000080
中央本線,初狩,10,1番線,2番線,#000080
中央本線,笹子,11,1番線,2番線,#000080
中央本線,甲斐大和,12,1番線,2・3番線,#000080
中央本線,勝沼ぶどう郷,13,1番線,2番線,#000080
中央本線,塩山,14,1番線,2・3番線,#000080
中央本線,東山梨,15,1番線,2番線,#000080
中央本線,山梨市,16,1番線,2・3番線,#000080
中央本線,春日居町,17,1番線,2番線,#000080
中央本線,石和温泉,18,1番線,2・3番線,#000080
中央本線,酒折,19,1番線,2番線,#000080
中央本線,甲府,20,1・2番線,2・3番線,#000080
中央本線,竜王,21,1番線,2・3番線,#000080
中央本線,塩崎,22,1番線,2番線,#000080
中央本線,韮崎,23,1番線,2番線,#000080
中央本線,新府,24,1番線,2番線,#000080
中央本線,穴山,25,1番線,2番線,#000080
中央本線,長坂,26,1番線,2番線,#000080
中央本線,小淵沢,27,1番線,2番線,#000080
中央本線,信濃境,28,1番線,2番線,#000080
中央本線,富士見,29,1番線,2・3番線,#000080
中央本線,すずらんの里,30,1番線,2番線,#000080
中央本線,青柳,31,1番線,2番線,#000080
中央本線,茅野,32,1番線,2・3番線,#000080
中央本線,上諏訪,33,1番線,2・3番線,#000080
中央本線,下諏訪,34,1番線,2番線,#000080
中央本線,岡谷,35,1番線,2・3番線,#000080
中央本線,みどり湖,36,1番線,2番線,#000080
中央本線,塩尻,37,1〜6番線,1〜6番線,#000080
line_name,station_name,seq,down_pf,up_pf,line_color
川越・埼京線,川越,1,3〜6番線,(当駅止まり),#00ac9a
川越・埼京線,南古谷,2,1番線,2番線,#00ac9a
川越・埼京線,指扇,3,1番線,2番線,#00ac9a
川越・埼京線,西大宮,4,1番線,2番線,#00ac9a
川越・埼京線,日進,5,1番線,2番線,#00ac9a
川越・埼京線,大宮,6,19〜22番線,19〜22番線,#00ac9a
川越・埼京線,北与野,7,1番線,2番線,#00ac9a
川越・埼京線,与野本町,8,1番線,2番線,#00ac9a
川越・埼京線,南与野,9,1番線,2番線,#00ac9a
川越・埼京線,中浦和,10,1番線,2番線,#00ac9a
川越・埼京線,武蔵浦和,11,1・2番線,3〜6番線,#00ac9a
川越・埼京線,北戸田,12,1番線,2番線,#00ac9a
川越・埼京線,戸田,13,1番線,2番線,#00ac9a
川越・埼京線,戸田公園,14,1番線,2番線,#00ac9a
川越・埼京線,浮間舟渡,15,1番線,2番線,#00ac9a
川越・埼京線,北赤羽,16,1番線,2番線,#00ac9a
川越・埼京線,赤羽,17,7・8番線,7・8番線,#00ac9a
川越・埼京線,十条,18,1番線,2番線,#00ac9a
川越・埼京線,板橋,19,1番線,2番線,#00ac9a
川越・埼京線,池袋,20,1・2番線,3・4番線,#00ac9a
川越・埼京線,新宿,21,1〜4番線,1〜4番線,#00ac9a
川越・埼京線,渋谷,22,3番線,4番線,#00ac9a
川越・埼京線,恵比寿,23,1番線,2番線,#00ac9a
川越・埼京線,大崎,24,5〜8番線,5〜8番線,#00ac9a
line_name,station_name,seq,down_pf,up_pf,line_color
高崎線,大宮,1,3・4・6〜8番線,(当駅止まり),#f68b1e
高崎線,宮原,2,1番線,2・3番線,#f68b1e
高崎線,上尾,3,1番線,2・3番線,#f68b1e
高崎線,北上尾,4,1番線,2番線,#f68b1e
高崎線,桶川,5,1・2番線,3番線,#f68b1e
高崎線,北本,6,1番線,2・3番線,#f68b1e
高崎線,鴻巣,7,1番線,2・3番線,#f68b1e
高崎線,北鴻巣,8,1番線,2番線,#f68b1e
高崎線,吹上,9,1番線,2・3番線,#f68b1e
高崎線,行田,10,1番線,2番線,#f68b1e
高崎線,熊谷,11,1・2番線,3・4番線,#f68b1e
高崎線,籠原,12,1・2番線,3・4番線,#f68b1e
高崎線,深谷,13,1番線,2・3番線,#f68b1e
高崎線,岡部,14,1番線,2・3番線,#f68b1e
高崎線,本庄,15,1番線,2・3番線,#f68b1e
高崎線,神保原,16,1番線,2番線,#f68b1e
高崎線,新町,17,1番線,2番線,#f68b1e
高崎線,倉賀野,18,1番線,2番線,#f68b1e
高崎線,高崎,19,2〜4・7・8番線,2〜4・7・8番線,#f68b1e
line_name,station_name,seq,down_pf,up_pf,line_color
宇都宮線,大宮,1,3・4・9・11番線,(当駅止まり),#ffc20e
宇都宮線,土呂,2,1番線,2番線,#ffc20e
宇都宮線,東大宮,3,1番線,2番線,#ffc20e
宇都宮線,蓮田,4,1番線,2・3番線,#ffc20e
宇都宮線,白岡,5,1番線,2番線,#ffc20e
宇都宮線,新白岡,6,1番線,2番線,#ffc20e
宇都宮線,久喜,7,1・2番線,3番線,#ffc20e
宇都宮線,東鷲宮,8,1番線,2番線,#ffc20e
宇都宮線,栗橋,9,1番線,2番線,#ffc20e
宇都宮線,古河,10,1・2番線,3・4番線,#ffc20e
宇都宮線,野木,11,1番線,2番線,#ffc20e
宇都宮線,間々田,12,1番線,2番線,#ffc20e
宇都宮線,小山,13,9・10番線,12・13番線,#ffc20e
宇都宮線,小金井,14,1・2番線,3・4番線,#ffc20e
宇都宮線,自治医大,15,1番線,2番線,#ffc20e
宇都宮線,石橋,16,1番線,2番線,#ffc20e
宇都宮線,雀宮,17,1番線,2・3番線,#ffc20e
宇都宮線,宇都宮,18,7〜10番線,7〜10番線,#ffc20e
line_name,station_name,seq,down_pf,up_pf,line_color
上野東京ライン,大宮,1,3〜11番線,(当駅止まり),#5c4190
上野東京ライン,さいたま新都心,2,4番線,3番線,#5c4190
上野東京ライン,浦和,3,4番線,3番線,#5c4190
上野東京ライン,赤羽,4,3番線,4番線,#5c4190
上野東京ライン,尾久,5,2番線,1番線,#5c4190
上野東京ライン,上野,6,5〜9番線,5〜9番線,#5c4190
上野東京ライン,東京,7,(当駅止まり),7〜10番線,#5c4190
line_name,station_name,seq,down_pf,up_pf,line_color
湘南新宿ライン,大宮,1,11番線,(当駅止まり),#e21017
湘南新宿ライン,浦和,2,1番線,2番線,#e21017
湘南新宿ライン,赤羽,3,2番線,3番線,#e21017
湘南新宿ライン,池袋,4,2番線,3番線,#e21017
湘南新宿ライン,新宿,5,1番線,4番線,#e21017
湘南新宿ライン,渋谷,6,3番線,4番線,#e21017
湘南新宿ライン,恵比寿,7,1番線,2番線,#e21017
湘南新宿ライン,大崎,8,5・8番線,6・7番線,#e21017
湘南新宿ライン,武蔵小杉,9,3番線,4番線,#e21017
湘南新宿ライン,横浜,10,(当駅止まり),9番線,#e21017
line_name,station_name,seq,down_pf,up_pf,line_color
武蔵野線,府中本町,1,2・3番線,(当駅止まり),#ff4500
武蔵野線,北府中,2,1番線,2番線,#ff4500
武蔵野線,西国分寺,3,4番線,3番線,#ff4500
武蔵野線,北朝霞,4,1番線,2番線,#ff4500
武蔵野線,新座,5,1番線,2番線,#ff4500
武蔵野線,東所沢,6,1・2番線,3・4番線,#ff4500
武蔵野線,新秋津,7,1番線,2番線,#ff4500
武蔵野線,北朝霞,8,1番線,2番線,#ff4500
武蔵野線,西浦和,9,1番線,2番線,#ff4500
武蔵野線,武蔵浦和,10,1・2番線,3・4番線,#ff4500
武蔵野線,南浦和,11,6番線,5番線,#ff4500
武蔵野線,東浦和,12,1番線,2番線,#ff4500
武蔵野線,東川口,13,1番線,2番線,#ff4500
武蔵野線,南越谷,14,1番線,2番線,#ff4500
武蔵野線,越谷レイクタウン,15,1番線,2番線,#ff4500
武蔵野線,吉川,16,1番線,2番線,#ff4500
武蔵野線,吉川美南,17,1・2番線,3番線,#ff4500
武蔵野線,新三郷,18,1番線,2番線,#ff4500
武蔵野線,三郷,19,1番線,2番線,#ff4500
武蔵野線,南流山,20,1番線,2番線,#ff4500
武蔵野線,新松戸,21,1番線,2番線,#ff4500
武蔵野線,新八柱,22,1番線,2番線,#ff4500
武蔵野線,市川大野,23,1番線,2番線,#ff4500
武蔵野線,船橋法典,24,1番線,2番線,#ff4500
武蔵野線,西船橋,25,(当駅止まり),9〜12番線,#ff4500
line_name,station_name,seq,down_pf,up_pf,line_color
京葉線,東京,1,京葉1〜4番線,(当駅止まり),#c9242f
京葉線,八丁堀,2,1番線,2番線,#c9242f
京葉線,越中島,3,1番線,2番線,#c9242f
京葉線,潮見,4,1番線,2番線,#c9242f
京葉線,新木場,5,1番線,2番線,#c9242f
京葉線,葛西臨海公園,6,1番線,2番線,#c9242f
京葉線,舞浜,7,1番線,2番線,#c9242f
京葉線,新浦安,8,1・2番線,3・4番線,#c9242f
京葉線,市川塩浜,9,1番線,2番線,#c9242f
京葉線,二俣新町,10,1番線,2番線,#c9242f
京葉線,南船橋,11,1〜4番線,1〜4番線,#c9242f
京葉線,新習志野,12,1・2番線,3・4番線,#c9242f
京葉線,幕張豊砂,13,1番線,2番線,#c9242f
京葉線,海浜幕張,14,1・2番線,3・4番線,#c9242f
京葉線,検見川浜,15,1番線,2番線,#c9242f
京葉線,稲毛海岸,16,1番線,2番線,#c9242f
京葉線,千葉みなと,17,1・2番線,3番線,#c9242f
京葉線,蘇我,18,(当駅止まり),1〜4番線,#c9242f
京葉線,西船橋,19,1〜4番線,1〜4番線,#c9242f
line_name,station_name,seq,down_pf,up_pf,line_color
中央・総武線各停,三鷹,1,1・2番線,(当駅止まり),#fff100
中央・総武線各停,吉祥寺,2,1番線,2番線,#fff100
中央・総武線各停,西荻窪,3,1番線,2番線,#fff100
中央・総武線各停,荻窪,4,1番線,2番線,#fff100
中央・総武線各停,阿佐ケ谷,5,1番線,2番線,#fff100
中央・総武線各停,高円寺,6,1番線,2番線,#fff100
中央・総武線各停,中野,7,1・2番線,5番線,#fff100
中央・総武線各停,東中野,8,1番線,2番線,#fff100
中央・総武線各停,大久保,9,1番線,2番線,#fff100
中央・総武線各停,新宿,10,13番線,16番線,#fff100
中央・総武線各停,代々木,11,1番線,2番線,#fff100
中央・総武線各停,千駄ケ谷,12,1番線,2番線,#fff100
中央・総武線各停,信濃町,13,1番線,2番線,#fff100
中央・総武線各停,四ツ谷,14,1番線,2番線,#fff100
中央・総武線各停,市ケ谷,15,1番線,2番線,#fff100
中央・総武線各停,飯田橋,16,1番線,2番線,#fff100
中央・総武線各停,水道橋,17,1番線,2番線,#fff100
中央・総武線各停,御茶ノ水,18,3番線,2番線,#fff100
中央・総武線各停,秋葉原,19,6番線,5番線,#fff100
中央・総武線各停,浅草橋,20,1番線,2番線,#fff100
中央・総武線各停,両国,21,1番線,2番線,#fff100
中央・総武線各停,錦糸町,22,1・2番線,3・4番線,#fff100
中央・総武線各停,亀戸,23,1番線,2番線,#fff100
中央・総武線各停,平井,24,1番線,2番線,#fff100
中央・総武線各停,新小岩,25,1番線,2番線,#fff100
中央・総武線各停,小岩,26,1番線,2番線,#fff100
中央・総武線各停,市川,27,1番線,2番線,#fff100
中央・総武線各停,本八幡,28,1番線,2番線,#fff100
中央・総武線各停,下総中山,29,1番線,2番線,#fff100
中央・総武線各停,西船橋,30,1・2番線,5番線,#fff100
中央・総武線各停,船橋,31,1番線,2番線,#fff100
中央・総武線各停,東船橋,32,1番線,2番線,#fff100
中央・総武線各停,津田沼,33,1〜3番線,4〜6番線,#fff100
中央・総武線各停,幕張本郷,34,1番線,2番線,#fff100
中央・総武線各停,幕張,35,1番線,2番線,#fff100
中央・総武線各停,検見川,36,1番線,2番線,#fff100
中央・総武線各停,稲毛,37,1番線,2番線,#fff100
中央・総武線各停,西千葉,38,1番線,2番線,#fff100
中央・総武線各停,千葉,39,(当駅止まり),1〜6番線,#fff100
line_name,station_name,seq,down_pf,up_pf,line_color
南武支線,尻手,1,3番線,(当駅止まり),#ffd400
南武支線,八丁畷,2,1番線,2番線,#ffd400
南武支線,川崎新町,3,1番線,2番線,#ffd400
南武支線,小田栄,4,1番線,2番線,#ffd400
南武支線,浜川崎,5,(当駅止まり),1番線,#ffd400
line_name,station_name,seq,down_pf,up_pf,line_color
総武快速線,東京,1,総武地下1〜4番線,(当駅止まり),#0074be
総武快速線,新日本橋,2,1番線,2番線,#0074be
総武快速線,馬喰町,3,1番線,2番線,#0074be
総武快速線,錦糸町,4,1・2番線,3・4番線,#0074be
総武快速線,新小岩,5,1番線,2番線,#0074be
総武快速線,市川,6,1番線,2番線,#0074be
総武快速線,船橋,7,1番線,2番線,#0074be
総武快速線,津田沼,8,1・2番線,3番線,#0074be
総武快速線,稲毛,9,1番線,2番線,#0074be
総武快速線,千葉,10,(当駅止まり),3〜10番線,#0074be
line_name,station_name,seq,down_pf,up_pf,line_color
常磐快速線,上野,1,6〜12番線,(当駅止まり),#00b261
常磐快速線,日暮里,2,3・4番線,9・10番線,#00b261
常磐快速線,三河島,3,1番線,2番線,#00b261
常磐快速線,南千住,4,1番線,2番線,#00b261
常磐快速線,北千住,5,1・2番線,3番線,#00b261
常磐快速線,松戸,6,1〜3番線,4・5番線,#00b261
常磐快速線,柏,7,3・4番線,1・2番線,#00b261
常磐快速線,我孫子,8,1〜5番線,6〜8番線,#00b261
常磐快速線,天王台,9,1番線,2番線,#00b261
常磐快速線,取手,10,1・2番線,3〜6番線,#00b261
line_name,station_name,seq,down_pf,up_pf,line_color
常磐線各停,綾瀬,1,2・3番線,(当駅止まり),#00b261
常磐線各停,亀有,2,1番線,2番線,#00b261
常磐線各停,金町,3,1番線,2番線,#00b261
常磐線各停,松戸,4,4〜6番線,4〜6番線,#00b261
常磐線各停,北松戸,5,1番線,2番線,#00b261
常磐線各停,馬橋,6,1番線,2番線,#00b261
常磐線各停,新松戸,7,1番線,2番線,#00b261
常磐線各停,北小金,8,1番線,2番線,#00b261
常磐線各停,南柏,9,1番線,2番線,#00b261
常磐線各停,柏,10,1・2番線,3・4番線,#00b261
常磐線各停,北柏,11,1番線,2番線,#00b261
常磐線各停,我孫子,12,6〜8番線,6〜8番線,#00b261
常磐線各停,天王台,13,1番線,2番線,#00b261
常磐線各停,取手,14,1・2番線,3〜6番線,#00b261
line_name,station_name,seq,down_pf,up_pf,line_color
横浜線,八王子,1,5・6番線,(当駅止まり),#93ca76
横浜線,片倉,2,1番線,2番線,#93ca76
横浜線,八王子みなみ野,3,1番線,2番線,#93ca76
横浜線,相原,4,1番線,2番線,#93ca76
横浜線,橋本,5,1〜3番線,1〜3番線,#93ca76
横浜線,相模原,6,1番線,2番線,#93ca76
横浜線,矢部,7,1番線,2番線,#93ca76
横浜線,淵野辺,8,1番線,2番線,#93ca76
横浜線,古淵,9,1番線,2番線,#93ca76
横浜線,町田,10,1・2番線,3・4番線,#93ca76
横浜線,成瀬,11,1番線,2番線,#93ca76
横浜線,長津田,12,2番線,1番線,#93ca76
横浜線,十日市場,13,1番線,2番線,#93ca76
横浜線,中山,14,1番線,2・3番線,#93ca76
横浜線,鴨居,15,1番線,2番線,#93ca76
横浜線,小机,16,1番線,2・3番線,#93ca76
横浜線,新横浜,17,1番線,2番線,#93ca76
横浜線,菊名,18,1番線,2番線,#93ca76
横浜線,大口,19,1番線,2番線,#93ca76
横浜線,東神奈川,20,2・3番線,4番線,#93ca76
横浜線,横浜,21,3番線,4番線,#93ca76
line_name,station_name,seq,down_pf,up_pf,line_color
南武線,立川,1,7・8番線,(当駅止まり),#ffd400
南武線,西国立,2,1番線,2番線,#ffd400
南武線,矢川,3,1番線,2番線,#ffd400
南武線,谷保,4,1番線,2番線,#ffd400
南武線,西府,5,1番線,2番線,#ffd400
南武線,分倍河原,6,1番線,2番線,#ffd400
南武線,府中本町,7,1番線,4番線,#ffd400
南武線,南多摩,8,1番線,2番線,#ffd400
南武線,稲城長沼,9,1・2番線,3・4番線,#ffd400
南武線,矢野口,10,1番線,2番線,#ffd400
南武線,稲田堤,11,1番線,2番線,#ffd400
南武線,中野島,12,1番線,2番線,#ffd400
南武線,登戸,13,1番線,2番線,#ffd400
南武線,宿河原,14,1番線,2番線,#ffd400
南武線,久地,15,1番線,2番線,#ffd400
南武線,津田山,16,1番線,2番線,#ffd400
南武線,武蔵溝ノ口,17,1番線,2番線,#ffd400
南武線,武蔵新城,18,1番線,2番線,#ffd400
南武線,武蔵中原,19,1・2番線,3・4番線,#ffd400
南武線,武蔵小杉,20,2番線,1番線,#ffd400
南武線,向河原,21,1番線,2番線,#ffd400
南武線,平間,22,1番線,2番線,#ffd400
南武線,鹿島田,23,1番線,2番線,#ffd400
南武線,矢向,24,1番線,2・3番線,#ffd400
南武線,尻手,25,1番線,2番線,#ffd400
南武線,川崎,26,(当駅止まり),5・6番線,#ffd400
line_name,station_name,seq,down_pf,up_pf,line_color
横須賀線,東京,1,総武地下1〜4番線,(当駅止まり),#0074be
横須賀線,新橋,2,地下1番線,地下2番線,#0074be
横須賀線,品川,3,13〜15番線,13〜15番線,#0074be
横須賀線,西大井,4,2番線,1番線,#0074be
横須賀線,武蔵小杉,5,3番線,4番線,#0074be
横須賀線,新川崎,6,2番線,1番線,#0074be
横須賀線,横浜,7,10番線,9番線,#0074be
横須賀線,保土ケ谷,8,2番線,1番線,#0074be
横須賀線,東戸塚,9,2番線,1番線,#0074be
横須賀線,戸塚,10,1番線,4番線,#0074be
横須賀線,大船,11,7・8番線,5・6番線,#0074be
横須賀線,北鎌倉,12,1番線,2番線,#0074be
横須賀線,鎌倉,13,1番線,2番線,#0074be
横須賀線,逗子,14,1〜3番線,1〜3番線,#0074be
横須賀線,東逗子,15,1番線,2番線,#0074be
横須賀線,田浦,16,1番線,2番線,#0074be
横須賀線,横須賀,17,2番線,3番線,#0074be
横須賀線,衣笠,18,1番線,2番線,#0074be
横須賀線,久里浜,19,(当駅止まり),1・2番線,#0074be
line_name,station_name,seq,down_pf,up_pf,line_color
相模線,橋本,1,4・5番線,(当駅止まり),#009793
相模線,南橋本,2,1番線,2番線,#009793
相模線,上溝,3,1番線,1番線,#009793
相模線,番田,4,1番線,2番線,#009793
相模線,原当麻,5,1番線,2番線,#009793
相模線,下溝,6,1番線,1番線,#009793
相模線,相武台下,7,1番線,2番線,#009793
相模線,入谷,8,1番線,1番線,#009793
相模線,海老名,9,1・2番線,1・2番線,#009793
相模線,厚木,10,1番線,1番線,#009793
相模線,社家,11,1番線,2番線,#009793
相模線,門沢橋,12,1番線,1番線,#009793
相模線,倉見,13,1番線,2番線,#009793
相模線,宮山,14,1番線,1番線,#009793
相模線,寒川,15,1番線,2番線,#009793
相模線,香川,16,1番線,1番線,#009793
相模線,北茅ケ崎,17,1番線,2番線,#009793
相模線,茅ケ崎,18,(当駅止まり),1・2番線,#009793
line_name,station_name,seq,down_pf,up_pf,line_color
東海道線,東京,1,7〜10番線,(当駅止まり),#ff8c00
東海道線,新橋,2,1番線,2番線,#ff8c00
東海道線,品川,3,11・12番線,5・6番線,#ff8c00
東海道線,川崎,4,1番線,2番線,#ff8c00
東海道線,横浜,5,6番線,7番線,#ff8c00
東海道線,戸塚,6,2番線,3番線,#ff8c00
東海道線,大船,7,1・2番線,3・4番線,#ff8c00
東海道線,藤沢,8,1・2番線,3・4番線,#ff8c00
東海道線,辻堂,9,2番線,1番線,#ff8c00
東海道線,茅ケ崎,10,1・2番線,3・4番線,#ff8c00
東海道線,平塚,11,1・2番線,3・4番線,#ff8c00
東海道線,大磯,12,1番線,2番線,#ff8c00
東海道線,二宮,13,1番線,2番線,#ff8c00
東海道線,国府津,14,1・2番線,4・5番線,#ff8c00
東海道線,鴨宮,15,1番線,2番線,#ff8c00
東海道線,小田原,16,1・2番線,3〜6番線,#ff8c00
東海道線,早川,17,1番線,2番線,#ff8c00
東海道線,根府川,18,1番線,2番線,#ff8c00
東海道線,真鶴,19,1番線,2番線,#ff8c00
東海道線,湯河原,20,1番線,2番線,#ff8c00
東海道線,熱海,21,(当駅止まり),1〜5番線,#ff8c00
line_name,station_name,seq,down_pf,up_pf,line_color
鶴見線,鶴見,1,3・4番線,(当駅止まり),#ffd400
鶴見線,国道,2,1番線,2番線,#ffd400
鶴見線,鶴見小野,3,1番線,2番線,#ffd400
鶴見線,弁天橋,4,1番線,2番線,#ffd400
鶴見線,浅野,5,1〜4番線,1〜4番線,#ffd400
鶴見線,安善,6,1番線,2番線,#ffd400
鶴見線,武蔵白石,7,1番線,2番線,#ffd400
鶴見線,浜川崎,8,3・4番線,3・4番線,#ffd400
鶴見線,昭和,9,1番線,1番線,#ffd400
鶴見線,扇町,10,(当駅止まり),1番線,#ffd400
鶴見線,海芝浦,11,(当駅止まり),1番線,#ffd400
鶴見線,大川,12,(当駅止まり),1番線,#ffd400
line_name,station_name,seq,down_pf,up_pf,line_color
青梅線,立川,1,1・2・5・6番線,(当駅止まり),#f15a22
青梅線,西立川,2,1番線,2番線,#f15a22
青梅線,東中神,3,1番線,2番線,#f15a22
青梅線,中神,4,1番線,2番線,#f15a22
青梅線,昭島,5,1番線,2番線,#f15a22
青梅線,拝島,6,1・2番線,1・3番線,#f15a22
青梅線,牛浜,7,1番線,2番線,#f15a22
青梅線,福生,8,1番線,2番線,#f15a22
青梅線,羽村,9,1番線,2番線,#f15a22
青梅線,小作,10,1番線,2番線,#f15a22
青梅線,河辺,11,1番線,2・3番線,#f15a22
青梅線,東青梅,12,1番線,1番線,#f15a22
青梅線,青梅,13,1・2番線,1・2番線,#f15a22
青梅線,宮ノ平,14,1番線,2番線,#f15a22
青梅線,日向和田,15,1番線,1番線,#f15a22
青梅線,石神前,16,1番線,1番線,#f15a22
青梅線,二俣尾,17,1番線,2番線,#f15a22
青梅線,軍畑,18,1番線,1番線,#f15a22
青梅線,沢井,19,1番線,1番線,#f15a22
青梅線,御嶽,20,1番線,2番線,#f15a22
青梅線,川井,21,1番線,1番線,#f15a22
青梅線,古里,22,1番線,2番線,#f15a22
青梅線,鳩ノ巣,23,1番線,2番線,#f15a22
青梅線,白丸,24,1番線,1番線,#f15a22
青梅線,奥多摩,25,(当駅止まり),1・2番線,#f15a22
line_name,station_name,seq,down_pf,up_pf,line_color
五日市線,拝島,1,1番線,(当駅止まり),#f15a22
五日市線,熊川,2,1番線,1番線,#f15a22
五日市線,東秋留,3,1番線,2番線,#f15a22
五日市線,秋川,4,1番線,2番線,#f15a22
五日市線,武蔵引田,5,1番線,1番線,#f15a22
五日市線,武蔵増戸,6,1番線,2番線,#f15a22
五日市線,武蔵五日市,7,(当駅止まり),1・2番線,#f15a22
line_name,station_name,seq,down_pf,up_pf,line_color
八高・川越線,八王子,1,1,(止まり),#a8a39d
八高・川越線,北八王子,2,1,2,#a8a39d
八高・川越線,小宮,3,1,2,#a8a39d
八高・川越線,拝島,4,1,2,#a8a39d
八高・川越線,東福生,5,1,1,#a8a39d
八高・川越線,箱根ケ崎,6,1,2,#a8a39d
八高・川越線,金子,7,1,2,#a8a39d
八高・川越線,東飯能,8,1,2,#a8a39d
八高・川越線,高麗川,9,1・3,1・3,#a8a39d
八高・川越線,武蔵高萩,10,1,2,#a8a39d
八高・川越線,笠幡,11,1,1,#a8a39d
八高・川越線,的場,12,1,2,#a8a39d
八高・川越線,西川越,13,1,1,#a8a39d
八高・川越線,川越,14,2026/03/06,2026/03/06,#a8a39d
line_name,station_name,seq,down_pf,up_pf,line_color
八高線(北線),高麗川,11,2・3番線,(南線直通あり),#a8a39d
八高線(北線),毛呂,12,1番線,2番線,#a8a39d
八高線(北線),越生,13,3番線,3番線,#a8a39d
八高線(北線),小川町,14,7・8番線,7・8番線,#a8a39d
八高線(北線),寄居,15,1・2番線,1・2番線,#a8a39d
八高線(北線),児玉,16,1番線,2番線,#a8a39d
八高線(北線),群馬藤岡,17,1番線,2番線,#a8a39d
八高線(北線),倉賀野,18,3番線,4番線,#a8a39d
八高線(北線),高崎,19,3番線,(当駅止まり),#a8a39d
line_name,station_name,seq,down_pf,up_pf,line_color
内房線,千葉,1,2026/03/06,(始発),#00b2e5
内房線,本千葉,2,1,2,#00b2e5
内房線,蘇我,3,5・6,1・2,#00b2e5
内房線,浜野,4,1,2,#00b2e5
内房線,八幡宿,5,1,2,#00b2e5
内房線,五井,6,1・2,3,#00b2e5
内房線,姉ケ崎,7,1・2,3・4,#00b2e5
内房線,長浦,8,1,2,#00b2e5
内房線,袖ケ浦,9,1,2,#00b2e5
内房線,巌根,10,1,2,#00b2e5
内房線,木更津,11,2026/01/03,2026/01/03,#00b2e5
内房線,君津,12,2026/01/03,2026/01/03,#00b2e5
内房線,青堀,13,1,2,#00b2e5
内房線,大貫,14,1,2,#00b2e5
内房線,佐貫町,15,1,2,#00b2e5
内房線,上総湊,16,1,2,#00b2e5
内房線,竹岡,17,1,2,#00b2e5
内房線,浜金谷,18,1,2,#00b2e5
内房線,保田,19,1,2,#00b2e5
内房線,安房勝山,20,1,1,#00b2e5
内房線,岩井,21,1,2,#00b2e5
内房線,富浦,22,1,1,#00b2e5
内房線,那古船形,23,1,1,#00b2e5
内房線,館山,24,2026/01/03,2026/01/03,#00b2e5
内房線,九重,25,1,2,#00b2e5
内房線,千倉,26,1,2・3,#00b2e5
内房線,千歳,27,1,1,#00b2e5
内房線,南三原,28,1,2,#00b2e5
内房線,和田浦,29,1,2,#00b2e5
内房線,江見,30,1,1,#00b2e5
内房線,太海,31,1,1,#00b2e5
内房線,安房鴨川,32,1・2,(止まり),#00b2e5
line_name,station_name,seq,down_pf,up_pf,line_color
外房線,千葉,1,2026/03/06,(始発),#dc041c
外房線,本千葉,2,1,2,#dc041c
外房線,蘇我,3,5・6,1・2,#dc041c
外房線,鎌取,4,1,2,#dc041c
外房線,誉田,5,1・2,2・3,#dc041c
外房線,土気,6,1,2,#dc041c
外房線,大網,7,1・2,3・4,#dc041c
外房線,永田,8,1,2,#dc041c
外房線,本納,9,1,2・3,#dc041c
外房線,新茂原,10,1,2,#dc041c
外房線,茂原,11,1・2,3・4,#dc041c
外房線,八積,12,1,2,#dc041c
外房線,上総一ノ宮,13,2026/01/03,2026/01/03,#dc041c
外房線,東浪見,14,1,2,#dc041c
外房線,太東,15,1,2,#dc041c
外房線,長者町,16,1,2,#dc041c
外房線,三門,17,1,1,#dc041c
外房線,大原,18,1,2・3,#dc041c
外房線,浪花,19,1,2,#dc041c
外房線,御宿,20,1,2,#dc041c
外房線,勝浦,21,2026/01/03,2026/01/03,#dc041c
外房線,鵜原,22,1,2,#dc041c
外房線,上総興津,23,1,2,#dc041c
外房線,行川アイランド,24,1,1,#dc041c
外房線,安房小湊,25,1,2,#dc041c
外房線,安房天津,26,1,2,#dc041c
外房線,安房鴨川,27,3,(止まり),#dc041c
line_name,station_name,seq,down_pf,up_pf,line_color
成田線,佐倉,1,1・2,3・4,#00b261
成田線,酒々井,2,1,2,#00b261
成田線,成田,3,1・2・3・5,1-3・5・6,#00b261
成田線(空港),空港第2ビル,4,1,1,#00b261
成田線(空港),成田空港,5,1・2,(止まり),#00b261
成田線,久住,6,1,2,#00b261
成田線,滑河,7,1,2,#00b261
成田線,下総神崎,8,1,2,#00b261
成田線,瑞穂,9,1,1,#00b261
成田線,佐原,10,1・2,1・3,#00b261
成田線,香取,11,1,2,#00b261
成田線,水郷,12,1,2,#00b261
成田線,小見川,13,1,2,#00b261
成田線,笹川,14,1,2,#00b261
成田線,下総豊里,15,1,2,#00b261
成田線,椎柴,16,1,2,#00b261
成田線,松岸,17,2,3,#00b261
成田線,銚子,18,2・3,(止まり),#00b261
成田線(我孫子),下総松崎,19,1,2,#00b261
成田線(我孫子),安食,20,1,2,#00b261
成田線(我孫子),小林,21,1,2,#00b261
成田線(我孫子),木下,22,1,2,#00b261
成田線(我孫子),布佐,23,1,2,#00b261
成田線(我孫子),新木,24,1,2,#00b261
成田線(我孫子),湖北,25,1,2,#00b261
成田線(我孫子),東我孫子,26,1,2,#00b261
成田線(我孫子),我孫子,27,2・4,(止まり),#00b261
line_name,station_name,seq,down_pf,up_pf,line_color
東金線,大網,1,1・2番線,(当駅始発),#f15a22
東金線,福俵,2,1番線,1番線,#f15a22
東金線,東金,3,1番線,2番線,#f15a22
東金線,求名,4,1番線,2番線,#f15a22
東金線,成東,5,0番線,(当駅止まり),#f15a22
line_name,station_name,seq,down_pf,up_pf,line_color
上越線,高崎,1,2・5・6,(始発),#f68b1e
上越線,高崎問屋町,2,1,2,#f68b1e
上越線,井野,3,1,2,#f68b1e
上越線,新前橋,4,1・2,3・4,#f68b1e
上越線,群馬総社,5,1,2,#f68b1e
上越線,八木原,6,1,2,#f68b1e
上越線,渋川,7,1,2・3,#f68b1e
上越線,敷島,8,1,2,#f68b1e
上越線,津久田,9,1,2,#f68b1e
上越線,岩本,10,1,2,#f68b1e
上越線,沼田,11,1,2・3,#f68b1e
上越線,後閑,12,1,2,#f68b1e
上越線,上牧,13,1,2,#f68b1e
上越線,水上,14,1〜3,1〜3,#f68b1e
上越線,湯檜曽,15,1,2,#f68b1e
上越線,土合,16,1,2,#f68b1e
上越線,土樽,17,1,2,#f68b1e
上越線,越後中里,18,1,2・3,#f68b1e
上越線,岩原スキー場前,19,1,1,#f68b1e
上越線,越後湯沢,20,0〜4,0〜4,#f68b1e
上越線,石打,21,1,2・3,#f68b1e
上越線,大沢,22,1,2,#f68b1e
上越線,上越国際スキー場前,23,1,2,#f68b1e
上越線,塩沢,24,1,2,#f68b1e
上越線,六日町,25,1,3,#f68b1e
上越線,五日町,26,1,2,#f68b1e
上越線,浦佐,27,1,2・3,#f68b1e
上越線,八色,28,1,1,#f68b1e
上越線,小出,29,1,2・3,#f68b1e
上越線,越後堀之内,30,1,2,#f68b1e
上越線,北堀之内,31,1,1,#f68b1e
上越線,越後川口,32,1,2・3,#f68b1e
上越線,小千谷,33,1,2,#f68b1e
上越線,越後滝谷,34,1,2,#f68b1e
上越線,宮内,35,3・4,1・2,#f68b1e
line_name,station_name,seq,down_pf,up_pf,line_color
総武本線,千葉,1,7〜10,(始発),#ffff00
総武本線,東千葉,2,1,2,#ffff00
総武本線,都賀,3,1,2,#ffff00
総武本線,四街道,4,1,2,#ffff00
総武本線,物井,5,1,2,#ffff00
総武本線,佐倉,6,1〜4,1〜4,#ffff00
総武本線,南酒々井,7,1,1,#ffff00
総武本線,榎戸,8,1,2,#ffff00
総武本線,八街,9,1,2,#ffff00
総武本線,日向,10,1,2,#ffff00
総武本線,成東,11,1〜3,1〜3,#ffff00
総武本線,松尾,12,1,2,#ffff00
総武本線,横芝,13,1,2,#ffff00
総武本線,飯岡,14,1,2,#ffff00
総武本線,倉橋,15,1,1,#ffff00
総武本線,猿田,16,1,2,#ffff00
総武本線,松岸,17,1,2,#ffff00
総武本線,銚子,18,1,(止まり),#ffff00
line_name,station_name,seq,down_pf,up_pf,line_color
両毛線,小山,1,6・8番線,(当駅止まり),#f68b1e
両毛線,思川,2,1番線,2番線,#f68b1e
両毛線,栃木,3,1番線,2番線,#f68b1e
両毛線,大平下,4,1番線,1番線,#f68b1e
両毛線,岩舟,5,1番線,2番線,#f68b1e
両毛線,佐野,6,1番線,2番線,#f68b1e
両毛線,富田,7,1番線,2番線,#f68b1e
両毛線,あしかがフラワーパーク,8,1番線,1番線,#f68b1e
両毛線,足利,9,1番線,2番線,#f68b1e
両毛線,山前,10,1番線,2番線,#f68b1e
両毛線,小俣,11,1番線,2番線,#f68b1e
両毛線,桐生,12,1・2番線,3・4番線,#f68b1e
両毛線,岩宿,13,1番線,2番線,#f68b1e
両毛線,国定,14,1番線,2番線,#f68b1e
両毛線,伊勢崎,15,1・2番線,3・4番線,#f68b1e
両毛線,駒形,16,1番線,2番線,#f68b1e
両毛線,前橋大島,17,1番線,2番線,#f68b1e
両毛線,前橋,18,1番線,2番線,#f68b1e
両毛線,新前橋,19,1・2番線,3・4番線,#f68b1e
両毛線,高崎,20,2・4・5・6,(当駅止まり),#f68b1e
line_name,station_name,seq,down_pf,up_pf,line_color
水戸線,小山,1,15・16番線,(当駅始発),#4169e1
水戸線,小田林,2,1番線,1番線,#4169e1
水戸線,結城,3,1番線,2番線,#4169e1
水戸線,東結城,4,1番線,1番線,#4169e1
水戸線,川島,5,1番線,2番線,#4169e1
水戸線,玉戸,6,1番線,1番線,#4169e1
水戸線,下館,7,2〜4番線,2〜4番線,#4169e1
水戸線,新治,8,1番線,2番線,#4169e1
水戸線,大和,9,1番線,1番線,#4169e1
水戸線,岩瀬,10,1番線,2・3番線,#4169e1
水戸線,羽黒,11,1番線,2番線,#4169e1
水戸線,福原,12,1番線,2番線,#4169e1
水戸線,稲田,13,1番線,2番線,#4169e1
水戸線,笠間,14,1番線,2・3番線,#4169e1
水戸線,宍戸,15,1番線,1番線,#4169e1
水戸線,友部,16,5番線,6番線,#4169e1
line_name,station_name,seq,down_pf,up_pf,line_color
伊東線,熱海,1,1番線,(始発/直通),#009d41
伊東線,来宮,2,1番線,2番線,#009d41
伊東線,伊豆多賀,3,1番線,2番線,#009d41
伊東線,網代,4,1番線,2番線,#009d41
伊東線,宇佐美,5,1番線,2番線,#009d41
伊東線,伊東,6,1-3番線,1-3番線,#009d41
line_name,station_name,seq,down_pf,up_pf,line_color
東京モノレール,モノレール浜松町,1,1・2番線,(当駅始発),#0067b0
東京モノレール,天王洲アイル,2,1番線,2番線,#0067b0
東京モノレール,大井競馬場前,3,1番線,2番線,#0067b0
東京モノレール,流通センター,4,1番線,2番線,#0067b0
東京モノレール,昭和島,5,1・2番線,3・4番線,#0067b0
東京モノレール,整備場,6,1番線,2番線,`#0067b0"
東京モノレール,天空橋,7,1番線,2番線,#0067b0
東京モノレール,羽田空港第3ターミナル,8,1番線,2番線,#0067b0
東京モノレール,新整備場,9,1番線,2番線,#0067b0
東京モノレール,羽田空港第1ターミナル,10,1番線,2番線,#0067b0
東京モノレール,羽田空港第2ターミナル,11,1・2番線,(当駅止まり),#0067b0
line_name,station_name,seq,down_pf,up_pf,line_color
日光線,宇都宮,1,5番線,(当駅始発),#84161b
日光線,鶴田,2,1番線,2番線,#84161b
日光線,鹿沼,3,1番線,2番線,#84161b
日光線,文挟,4,1番線,2番線,#84161b
日光線,下野大沢,5,1番線,2番線,#84161b
日光線,今市,6,1番線,2番線,#84161b
日光線,日光,7,1・2番線,(当駅止まり),#84161b
line_name,station_name,seq,down_pf,up_pf,line_color
信越本線,高崎,1,(当駅始発),2〜5番線,#0072bc
信越本線,北高崎,2,1番線,2番線,#0072bc
信越本線,群馬八幡,3,1番線,2番線,#0072bc
信越本線,安中,4,1番線,2・3番線,#0072bc
信越本線,磯部,5,1番線,2番線,#0072bc
信越本線,松井田,6,1番線,2番線,#0072bc
信越本線,西松井田,7,1番線,2番線,#0072bc
信越本線,横川,8,(当駅止まり),1〜3番線,#0072bc
line_name,station_name,seq,down_pf,up_pf,line_color
信越本線,篠ノ井,1,1番線,2・3番線,#ff8c00
信越本線,今井,2,1番線,2番線,#ff8c00
信越本線,川中島,3,1番線,2番線,#ff8c00
信越本線,安茂里,4,1番線,2番線,#ff8c00
信越本線,長野,5,(当駅止まり),2〜7番線,#ff8c00
line_name,station_name,seq,down_pf,up_pf,line_color
信越本線,直江津,1,(当駅始発),2〜6番線,#32b1df
信越本線,黒井,2,1番線,2・3番線,#32b1df
信越本線,犀潟,3,1番線,2・3番線,#32b1df
信越本線,土底浜,4,1番線,2番線,`#32b1df"
信越本線,潟町,5,1番線,2番線,#32b1df
信越本線,上下浜,6,1番線,2番線,#32b1df
信越本線,柿崎,7,1番線,2・3番線,#32b1df
信越本線,米山,8,1番線,2・3番線,#32b1df
信越本線,笠島,9,1番線,2番線,#32b1df
信越本線,青海川,10,1番線,2番線,#32b1df
信越本線,鯨波,11,1番線,2番線,#32b1df
信越本線,柏崎,12,1番線,2〜4番線,#32b1df
信越本線,茨目,13,1番線,2番線,#32b1df
信越本線,安田,14,1番線,2番線,#32b1df
信越本線,北条,15,1番線,2番線,#32b1df
信越本線,越後広田,16,1番線,2番線,#32b1df
信越本線,長鳥,17,1番線,2番線,#32b1df
信越本線,塚山,18,1番線,2・3番線,#32b1df
信越本線,越後岩塚,19,1番線,2番線,#32b1df
信越本線,来迎寺,20,1番線,2・3番線,#32b1df
信越本線,前川,21,1番線,2番線,#32b1df
信越本線,宮内,22,1・2番線,3〜5番線,#32b1df
信越本線,長岡,23,2〜5番線,2〜5番線,#32b1df
信越本線,北長岡,24,1番線,2番線,#32b1df
信越本線,押切,25,1番線,2・3番線,#32b1df
信越本線,見附,26,1番線,2・3番線,#32b1df
信越本線,帯織,27,1番線,2・3番線,#32b1df
信越本線,東光寺,28,1番線,2番線,#32b1df
信越本線,三条,29,1番線,2・3番線,#32b1df
信越本線,東三条,30,1・2番線,3番線,#32b1df
信越本線,保内,31,1番線,2番線,#32b1df
信越本線,加茂,32,1番線,2・3番線,#32b1df
信越本線,羽生田,33,1番線,2・3番線,#32b1df
信越本線,田上,34,1番線,2番線,#32b1df
信越本線,矢代田,35,1番線,2・3番線,#32b1df
信越本線,古津,36,1番線,2番線,#32b1df
信越本線,新津,37,1・2番線,3〜5番線,#32b1df
信越本線,さつき野,38,1番線,2番線,#32b1df
信越本線,荻川,39,1番線,2番線,#32b1df
信越本線,亀田,40,1番線,2・3番線,#32b1df
信越本線,越後石山,41,1番線,2番線,#32b1df
信越本線,新潟,42,(当駅止まり),2〜5・8・9番,#32b1df
line_name,station_name,seq,down_pf,up_pf,line_color
烏山線,宝積寺,1,(当駅始発),4番線,#339933
烏山線,下野花岡,2,1番線,1番線,#339933
烏山線,仁井田,3,1番線,1番線,#339933
烏山線,鴻野山,4,1番線,1番ホーム,#339933
烏山線,大金,5,1番線,2番線,#339933
烏山線,小塙,6,1番線,1番線,#339933
烏山線,滝,7,1番線,1番線,#339933
烏山線,烏山,8,(当駅止まり),1番線,#339933
line_name,station_name,seq,down_pf,up_pf,line_color
久留里線,木更津,1,(当駅始発),4・5番線,#00afed
久留里線,祇園,2,1番線,1番線,#00afed
久留里線,上総清川,3,1番線,1番線,#00afed
久留里線,東清川,4,1番線,1番線,#00afed
久留里線,横田,5,1番線,2番線,#00afed
久留里線,東横田,6,1番線,1番線,#00afed
久留里線,馬来田,7,1番線,1番線,#00afed
久留里線,下郡,8,1番線,1番線,#00afed
久留里線,上総中川,9,1番線,1番線,#00afed
久留里線,俵田,10,1番線,1番線,#00afed
久留里線,久留里,11,1番線,2番線,#00afed
久留里線,平山,12,1番線,1番線,#00afed
久留里線,上総松丘,13,1番線,1番ホーム,#00afed
久留里線,上総亀山,14,(当駅止まり),1番線,#00afed
line_name,station_name,seq,down_pf,up_pf,line_color
水郡線,水戸,1,(当駅始発),1・2番線,#11802b
水郡線,常陸青柳,2,1番線,2番線,#11802b
水郡線,常陸津田,3,1番線,1番線,#11802b
水郡線,後台,4,1番線,1番線,#11802b
水郡線,下菅谷,5,1番線,2番線,#11802b
水郡線,中菅谷,6,1番線,1番線,#11802b
水郡線,上菅谷,7,1・2番線,3番線,#11802b
水郡線,常陸鴻巣,8,1番線,1番線,#11802b
水郡線,瓜連,9,1番線,2番線,#11802b
水郡線,静,10,1番線,1番線,#11802b
水郡線,常陸大宮,11,1番線,2番線,#11802b
水郡線,玉川村,12,1番線,2番線,#11802b
水郡線,野上原,13,1番線,1番線,#11802b
水郡線,山方宿,14,1番線,2番線,#11802b
水郡線,中舟生,15,1番ホーム,1番ホーム,#11802b
水郡線,下小川,16,1番線,1番線,#11802b
水郡線,西金,17,1番線,1番線,#11802b
水郡線,上小川,18,1番線,2番線,#11802b
水郡線,袋田,19,1番線,1番線,#11802b
水郡線,常陸大子,20,1番線,2・3番線,#11802b
水郡線,下野宮,21,1番線,1番線,#11802b
水郡線,矢祭山,22,1番線,1番線,#11802b
水郡線,東館,23,1番線,2番線,#11802b
水郡線,南石井,24,1番線,1番線,#11802b
水郡線,磐城石井,25,1番線,1番線,#11802b
水郡線,磐城塙,26,1番線,2番線,#11802b
水郡線,近津,27,1番線,1番線,#11802b
水郡線,中豊,28,1番線,1番線,#11802b
水郡線,磐城棚倉,29,1番線,2番線,#11802b
水郡線,磐城浅川,30,1番線,2番線,#11802b
水郡線,里白石,31,1番線,1番線,#11802b
水郡線,磐城石川,32,1番線,2・3番線,#11802b
水郡線,野木沢,33,1番線,1番線,#11802b
水郡線,川辺沖,34,1番線,1番線,#11802b
水郡線,泉郷,35,1番線,1番線,#11802b
水郡線,川東,36,1番線,2番線,#11802b
水郡線,小塩江,37,1番線,1番線,#11802b
水郡線,谷田川,38,1番線,2番線,#11802b
水郡線,磐城守山,39,1番線,1番線,#11802b
水郡線,安積永盛,40,(直通),1番線,#11802b
line_name,station_name,seq,down_pf,up_pf,line_color
水郡線支線,上菅谷,1,(分岐),1・2番線,#11802b
水郡線支線,南酒出,2,1番線,1番線,#11802b
水郡線支線,額田,3,1番線,1番線,#11802b
水郡線支線,河合,4,1番線,1番線,#11802b
水郡線支線,谷河原,5,1番線,1番線,#11802b
水郡線支線,常陸太田,6,(当駅止まり),1番線,#11802b
銀座線,渋谷,1,1・2番線,(当駅始発),#ff9500
銀座線,表参道,2,1番線,2番線,#ff9500
銀座線,外苑前,3,1番線,2番線,#ff9500
銀座線,青山一丁目,4,1番線,2番線,#ff9500
銀座線,赤坂見附,5,1番線,2番線,#ff9500
銀座線,溜池山王,6,1番線,2番線,#ff9500
銀座線,虎ノ門,7,1番線,2番線,#ff9500
銀座線,新橋,8,1番線,2番線,#ff9500
銀座線,銀座,9,1番線,2番線,#ff9500
銀座線,京橋,10,1番線,2番線,#ff9500
銀座線,日本橋,11,1番線,2番線,#ff9500
銀座線,三越前,12,1番線,2番線,#ff9500
銀座線,神田,13,1番線,2番線,#ff9500
銀座線,末広町,14,1番線,2番線,#ff9500
銀座線,上野広小路,15,1番線,2番線,#ff9500
銀座線,上野,16,1番線,2番線,#ff9500
銀座線,稲荷町,17,1番線,2番線,#ff9500
銀座線,田原町,18,1番線,2番線,#ff9500
銀座線,浅草,19,(当駅止まり),1・2番線,#ff9500
line_name,station_name,seq,down_pf,up_pf,line_color
丸ノ内線,荻窪,1,(当駅始発),1・2番線,#f31934
丸ノ内線,南阿佐ケ谷,2,1番線,2番線,#f31934
丸ノ内線,新高円寺,3,1番線,2番線,#f31934
丸ノ内線,東高円寺,4,1番線,2番線,#f31934
丸ノ内線,中野新橋,5,1番線,2番線,#f31934
丸ノ内線,中野坂上,6,1番線,2・3番線,#f31934
丸ノ内線,西新宿,7,1番線,2番線,#f31934
丸ノ内線,新宿,8,1番線,2番線,#f31934
丸ノ内線,新宿三丁目,9,1番線,2番線,#f31934
丸ノ内線,新宿御苑前,10,1番線,2番線,#f31934
丸ノ内線,四谷三丁目,11,1番線,2番線,#f31934
丸ノ内線,四ツ谷,12,1番線,2番線,#f31934
丸ノ内線,赤坂見附,13,2番線,1番線,#f31934
丸ノ内線,溜池山王,14,1番線,2番線,#f31934
丸ノ内線,国会議事堂前,15,1番線,2番線,#f31934
丸ノ内線,霞ケ関,16,1番線,2番線,#f31934
丸ノ内線,銀座,17,4番線,3番線,#f31934
丸ノ内線,東京,18,1番線,2番線,#f31934
丸ノ内線,大手町,19,1番線,2番線,#f31934
丸ノ内線,淡路町,20,1番線,2番線,#f31934
丸ノ内線,御茶ノ水,21,1番線,2番線,#f31934
丸ノ内線,本郷三丁目,22,1番線,2番線,#f31934
丸ノ内線,後楽園,23,1番線,2番線,#f31934
丸ノ内線,茗荷谷,24,1番線,2番線,#f31934
丸ノ内線,新大塚,25,1番線,2番線,#f31934
丸ノ内線,池袋,26,1・2番線,(当駅止まり),#f31934
line_name,station_name,seq,down_pf,up_pf,line_color
丸ノ内線(支線),中野坂上,1,3番線,3番線,#f31934
丸ノ内線(支線),中野新橋,2,1番線,2番線,#f31934
丸ノ内線(支線),中野富士見町,3,1番線,2番線,#f31934
丸ノ内線(支線),方南町,4,1・2番線,(当駅始発),#f31934
line_name,station_name,seq,down_pf,up_pf,line_color
日比谷線,北千住,1,6・7番線,(当駅始発),#b5b5ac
日比谷線,南千住,2,1番線,2番線,#b5b5ac
日比谷線,三ノ輪,3,1番線,2番線,#b5b5ac
日比谷線,入谷,4,1番線,2番線,#b5b5ac
日比谷線,上野,5,1番線,2番線,#b5b5ac
日比谷線,仲御徒町,6,1番線,2番線,#b5b5ac
日比谷線,秋葉原,7,1番線,2番線,#b5b5ac
日比谷線,小伝馬町,8,1番線,2番線,`#b5b5ac"
日比谷線,人形町,9,1番線,2番線,#b5b5ac
日比谷線,茅場町,10,1番線,2番線,#b5b5ac
日比谷線,八丁堀,11,1番線,2番線,#b5b5ac
日比谷線,築地,12,1番線,2番線,#b5b5ac
日比谷線,東銀座,13,1番線,2番線,#b5b5ac
日比谷線,銀座,14,1番線,2番線,#b5b5ac
日比谷線,日比谷,15,1番線,2番線,#b5b5ac
日比谷線,霞ケ関,16,1番線,2番線,#b5b5ac
日比谷線,虎ノ門ヒルズ,17,1番線,2番線,#b5b5ac
日比谷線,神谷町,18,1番線,2番線,#b5b5ac
日比谷線,六本木,19,1番線,2番線,#b5b5ac
日比谷線,広尾,20,1番線,2番線,#b5b5ac
日比谷線,恵比寿,21,1番線,2番線,#b5b5ac
日比谷線,中目黒,22,(当駅止まり),3番線,#b5b5ac
line_name,station_name,seq,down_pf,up_pf,line_color
東西線,中野,1,3・4番線,(当駅始発),#009bbf
東西線,落合,2,1番線,2番線,#009bbf
東西線,高田馬場,3,1番線,2番線,#009bbf
東西線,早稲田,4,1番線,2番線,#009bbf
東西線,神楽坂,5,1番線,2番線,#009bbf
東西線,飯田橋,6,1番線,2番線,#009bbf
東西線,九段下,7,1番線,2番線,#009bbf
東西線,竹橋,8,1番線,2番線,#009bbf
東西線,大手町,9,1番線,2番線,#009bbf
東西線,日本橋,10,1番線,2番線,#009bbf
東西線,茅場町,11,1番線,2番線,#009bbf
東西線,門前仲町,12,1番線,2番線,#009bbf
東西線,木場,13,1番線,2番線,#009bbf
東西線,東陽町,14,1番線,2番線,#009bbf
東西線,南砂町,15,1番線,2番線,#009bbf
東西線,西葛西,16,1番線,2番線,#009bbf
東西線,葛西,17,1番線,2番線,#009bbf
東西線,浦安,18,1番線,2番線,#009bbf
東西線,南行徳,19,1番線,2番線,#009bbf
東西線,行徳,20,1番線,2番線,#009bbf
東西線,妙典,21,1・2番線,3・4番線,#009bbf
東西線,原木中山,22,1番線,2番線,#009bbf
東西線,西船橋,23,(当駅止まり),5〜8番線,#009bbf
line_name,station_name,seq,down_pf,up_pf,line_color
千代田線,代々木上原,1,3番線,(始発/直通),#00bb85
千代田線,代々木公園,2,1番線,2番線,#00bb85
千代田線,明治神宮前,3,1番線,2番線,#00bb85
千代田線,表参道,4,1番線,2番線,#00bb85
千代田線,乃木坂,5,1番線,2番線,#00bb85
千代田線,赤坂,6,1番線,2番線,#00bb85
千代田線,国会議事堂前,7,1番線,2番線,#00bb85
千代田線,霞ケ関,8,1番線,2番線,#00bb85
千代田線,日比谷,9,1番線,2番線,#00bb85
千代田線,二重橋前,10,1番線,2番線,#00bb85
千代田線,大手町,11,1番線,2番線,#00bb85
千代田線,新御茶ノ水,12,1番線,2番線,#00bb85
千代田線,湯島,13,1番線,2番線,#00bb85
千代田線,根津,14,1番線,2番線,#00bb85
千代田線,千駄木,15,1番線,2番線,#00bb85
千代田線,西日暮里,16,1番線,2番線,#00bb85
千代田線,町屋,17,1番線,2番線,#00bb85
千代田線,北千住,18,1番線,2番線,#00bb85
千代田線,綾瀬,19,1・2番線,3・4番線,#00bb85
千代田線,北綾瀬,20,1番線,(当駅止まり),#00bb85
line_name,station_name,seq,down_pf,up_pf,line_color
有楽町線,和光市,1,1番線,(始発/直通),#c1a470
有楽町線,地下鉄成増,2,1番線,2番線,#c1a470
有楽町線,地下鉄赤塚,3,1番線,2番線,#c1a470
有楽町線,平和台,4,1番線,2番線,#c1a470
有楽町線,氷川台,5,1番線,2番線,#c1a470
有楽町線,小竹向原,6,1・2番線,3・4番線,#c1a470
有楽町線,千川,7,1番線,2番線,#c1a470
有楽町線,要町,8,1番線,2番線,#c1a470
有楽町線,池袋,9,3番線,4番線,#c1a470
有楽町線,東池袋,10,1番線,2番線,#c1a470
有楽町線,護国寺,11,1番線,2番線,#c1a470
有楽町線,江戸川橋,12,1番線,2番線,#c1a470
有楽町線,飯田橋,13,1番線,2番線,#c1a470
有楽町線,市ケ谷,14,1番線,2番線,#c1a470
有楽町線,麹町,15,1番線,2番線,#c1a470
有楽町線,永田町,16,1番線,2番線,#c1a470
有楽町線,桜田門,17,1番線,2番線,#c1a470
有楽町線,有楽町,18,1番線,2番線,#c1a470
有楽町線,銀座一丁目,19,1番線,2番線,#c1a470
有楽町線,新富町,20,1番線,2番線,#c1a470
有楽町線,月島,21,1番線,2番線,#c1a470
有楽町線,豊洲,22,1番線,4番線,#c1a470
有楽町線,辰巳,23,1番線,2番線,#c1a470
有楽町線,新木場,24,(当駅止まり),1・2番線,#c1a470
line_name,station_name,seq,down_pf,up_pf,line_color
半蔵門線,渋谷,1,1番線,(始発/直通),#937db9
半蔵門線,表参道,2,1番線,2番線,#937db9
半蔵門線,青山一丁目,3,1番線,2番線,#937db9
半蔵門線,永田町,4,1番線,2番線,#937db9
半蔵門線,半蔵門,5,1番線,2番線,#937db9
半蔵門線,九段下,6,1番線,2番線,#937db9
半蔵門線,神保町,7,1番線,2番線,#937db9
半蔵門線,大手町,8,1番線,2番線,#937db9
半蔵門線,三越前,9,1番線,2番線,#937db9
半蔵門線,水天宮前,10,1番線,2番線,#937db9
半蔵門線,清澄白河,11,1番線,2番線,#937db9
半蔵門線,住吉,12,1番線,2番線,#937db9
半蔵門線,錦糸町,13,1番線,2番線,#937db9
半蔵門線,押上,14,(当駅止まり),3・4番線,#937db9
line_name,station_name,seq,down_pf,up_pf,line_color
南北線,目黒,1,1番線,(始発/直通),#00ac9b
南北線,白金台,2,1番線,2番線,#00ac9b
南北線,白金高輪,3,1・2番線,3・4番線,#00ac9b
南北線,麻布十番,4,1番線,2番線,#00ac9b
南北線,六本木一丁目,5,1番線,2番線,#00ac9b
南北線,溜池山王,6,1番線,2番線,#00ac9b
南北線,永田町,7,1番線,2番線,#00ac9b
南北線,四ツ谷,8,1番線,2番線,#00ac9b
南北線,市ケ谷,9,1番線,2番線,#00ac9b
南北線,飯田橋,10,1番線,2番線,#00ac9b
南北線,後楽園,11,1番線,2番線,#00ac9b
南北線,東大前,12,1番線,2番線,#00ac9b
南北線,本駒込,13,1番線,2番線,#00ac9b
南北線,駒込,14,1番線,2番線,#00ac9b
南北線,西ケ原,15,1番線,2番線,#00ac9b
南北線,王子,16,1番線,2番線,#00ac9b
南北線,王子神谷,17,1番線,2番線,#00ac9b
南北線,志茂,18,1番線,2番線,#00ac9b
南北線,赤羽岩淵,19,(当駅止まり),2番線,#00ac9b
line_name,station_name,seq,down_pf,up_pf,line_color
副都心線,和光市,1,1番線,(始発/直通),#bb4b00
副都心線,地下鉄成増,2,1番線,2番線,#bb4b00
副都心線,地下鉄赤塚,3,1番線,2番線,#bb4b00
副都心線,平和台,4,1番線,2番線,#bb4b00
副都心線,氷川台,5,1番線,2番線,#bb4b00
副都心線,小竹向原,6,1・2番線,3・4番線,#bb4b00
副都心線,千川,7,3番線,4番線,#bb4b00
副都心線,要町,8,3番線,4番線,#bb4b00
副都心線,池袋,9,5番線,6番線,#bb4b00
副都心線,雑司が谷,10,1番線,2番線,#bb4b00
副都心線,西早稲田,11,1番線,2番線,#bb4b00
副都心線,東新宿,12,1・2番線,3・4番線,#bb4b00
副都心線,新宿三丁目,13,1・2番線,3・4番線,#bb4b00
副都心線,北参道,14,1番線,2番線,#bb4b00
副都心線,明治神宮前,15,1番線,2番線,#bb4b00
副都心線,渋谷,16,(当駅止まり),3〜6番線,#bb4b00
都営浅草線,西馬込,1,1・2番線,(当駅始発),#e85294
都営浅草線,馬込,2,1番線,2番線,#e85294
都営浅草線,中延,3,1番線,2番線,#e85294
都営浅草線,戸越,4,1番線,2番線,#e85294
都営浅草線,五反田,5,1番線,2番線,#e85294
都営浅草線,高輪台,6,1番線,2番線,#e85294
都営浅草線,泉岳寺,7,1・2番線,3・4番線,#e85294
都営浅草線,三田,8,1番線,2番線,#e85294
都営浅草線,大門,9,1番線,2番線,#e85294
都営浅草線,新橋,10,1番線,2番線,#e85294
都営浅草線,東銀座,11,1番線,2番線,#e85294
都営浅草線,宝町,12,1番線,2番線,#e85294
都営浅草線,日本橋,13,1番線,2番線,#e85294
都営浅草線,人形町,14,1番線,2番線,#e85294
都営浅草線,東日本橋,15,1番線,2番線,#e85294
都営浅草線,浅草橋,16,1番線,2番線,#e85294
都営浅草線,蔵前,17,1番線,2番線,#e85294
都営浅草線,浅草,18,1番線,2番線,#e85294
都営浅草線,本所吾妻橋,19,1番線,2番線,#e85294
都営浅草線,押上,20,(当駅止まり),1〜4番線,#e85294
line_name,station_name,seq,down_pf,up_pf,line_color
都営三田線,目黒,1,2番線,(始発/直通),#0067b0
都営三田線,白金台,2,2番線,1番線,#0067b0
都営三田線,白金高輪,3,4番線,2番線,#0067b0
都営三田線,三田,4,3番線,4番線,#0067b0
都営三田線,芝公園,5,1番線,2番線,#0067b0
都営三田線,御成門,6,1番線,2番線,#0067b0
都営三田線,内幸町,7,1番線,2番線,#0067b0
都営三田線,日比谷,8,1番線,2番線,#0067b0
都営三田線,大手町,9,1番線,2番線,#0067b0
都営三田線,神保町,10,1番線,2番線,#0067b0
都営三田線,水道橋,11,1番線,2番線,#0067b0
都営三田線,春日,12,1番線,2番線,#0067b0
都営三田線,白山,13,1番線,2番線,#0067b0
都営三田線,千石,14,1番線,2番線,#0067b0
都営三田線,巣鴨,15,1番線,2番線,#0067b0
都営三田線,西巣鴨,16,1番線,2番線,#0067b0
都営三田線,新板橋,17,1番線,2番線,#0067b0
都営三田線,板橋区役所前,18,1番線,2番線,#0067b0
都営三田線,板橋本町,19,1番線,2番線,#0067b0
都営三田線,本蓮沼,20,1番線,2番線,#0067b0
都営三田線,志村坂上,21,1番線,2番線,#0067b0
都営三田線,志村三丁目,22,1番線,2番線,#0067b0
都営三田線,蓮根,23,1番線,2番線,#0067b0
都営三田線,西台,24,1番線,2番線,#0067b0
都営三田線,高島平,25,1・2番線,3・4番線,#0067b0
都営三田線,新高島平,26,1番線,2番線,#0067b0
都営三田線,西高島平,27,(当駅止まり),1・2番線,#0067b0
line_name,station_name,seq,down_pf,up_pf,line_color
都営新宿線,新宿,1,4・5番線,(始発/直通),#6eb034
都営新宿線,新宿三丁目,2,1番線,2番線,#6eb034
都営新宿線,曙橋,3,1番線,2番線,#6eb034
都営新宿線,市ケ谷,4,1番線,2番線,#6eb034
都営新宿線,九段下,5,5番線,6番線,#6eb034
都営新宿線,神保町,6,1番線,2番線,#6eb034
都営新宿線,小川町,7,1番線,2番線,#6eb034
都営新宿線,岩本町,8,1・2番線,3・4番線,#6eb034
都営新宿線,馬喰横山,9,1番線,2番線,#6eb034
都営新宿線,浜町,10,1番線,2番線,#6eb034
都営新宿線,森下,11,1番線,2番線,#6eb034
都営新宿線,菊川,12,1番線,2番線,#6eb034
都営新宿線,住吉,13,1番線,2番線,#6eb034
都営新宿線,西大島,14,1番線,2番線,#6eb034
都営新宿線,大島,15,1・2番線,3・4番線,#6eb034
都営新宿線,東大島,16,1番線,2番線,#6eb034
都営新宿線,船堀,17,1番線,2番線,#6eb034
都営新宿線,一之江,18,1番線,2番線,#6eb034
都営新宿線,瑞江,19,1番線,2番線,#6eb034
都営新宿線,篠崎,20,1番線,2番線,#6eb034
都営新宿線,本八幡,21,(当駅止まり),1・2番線,#6eb034
line_name,station_name,seq,down_pf,up_pf,line_color
都営大江戸線,光が丘,1,(当駅始発),1・2番線,#b6007a
都営大江戸線,練馬春日町,2,1番線,2番線,#b6007a
都営大江戸線,豊島園,3,1番線,2番線,#b6007a
都営大江戸線,練馬,4,1番線,2番線,#b6007a
都営大江戸線,新江古田,5,1番線,2番線,#b6007a
都営大江戸線,落合南長崎,6,1番線,2番線,#b6007a
都営大江戸線,中井,7,1番線,2番線,#b6007a
都営大江戸線,東中野,8,1番線,2番線,#b6007a
都営大江戸線,中野坂上,9,1番線,2番線,#b6007a
都営大江戸線,西新宿五丁目,10,1番線,2番線,#b6007a
都営大江戸線,都庁前,11,1〜4番線,1〜4番線,#b6007a
都営大江戸線,新宿西口,12,1番線,2番線,#b6007a
都営大江戸線,東新宿,13,1番線,2番線,#b6007a
都営大江戸線,若松河田,14,1番線,2番線,#b6007a
都営大江戸線,牛込柳町,15,1番線,2番線,#b6007a
都営大江戸線,牛込神楽坂,16,1番線,2番線,#b6007a
都営大江戸線,飯田橋,17,1番線,2番線,#b6007a
都営大江戸線,春日,18,1番線,2番線,#b6007a
都営大江戸線,本郷三丁目,19,1番線,2番線,#b6007a
都営大江戸線,上野御徒町,20,1番線,2番線,#b6007a
都営大江戸線,新御徒町,21,1番線,2番線,#b6007a
都営大江戸線,蔵前,22,1番線,2番線,#b6007a
都営大江戸線,両国,23,1番線,2番線,#b6007a
都営大江戸線,森下,24,1番線,2番線,#b6007a
都営大江戸線,清澄白河,25,1・2番線,3・4番線,#b6007a
都営大江戸線,門前仲町,26,1番線,2番線,#b6007a
都営大江戸線,月島,27,1番線,2番線,#b6007a
都営大江戸線,勝どき,28,1・2番線,1・2番線,#b6007a
都営大江戸線,築地市場,29,1番線,2番線,#b6007a
都営大江戸線,汐留,30,1番線,2番線,#b6007a
都営大江戸線,大門,31,1番線,2番線,#b6007a
都営大江戸線,赤羽橋,32,1番線,2番線,#b6007a
都営大江戸線,麻布十番,33,1番線,2番線,#b6007a
都営大江戸線,六本木,34,1番線,2番線,#b6007a
都営大江戸線,青山一丁目,35,1番線,2番線,#b6007a
都営大江戸線,国立競技場,36,1番線,2番線,#b6007a
都営大江戸線,代々木,37,1番線,2番線,#b6007a
都営大江戸線,新宿,38,6番線,7番線,#b6007a
東武スカイツリーライン,浅草,1,(当駅始発),1〜5番線,#ff6600
東武スカイツリーライン,とうきょうスカイツリー,2,1番線,2番線,#ff6600
東武スカイツリーライン,押上,3,1〜4番線,(直通),#ff6600
東武スカイツリーライン,曳舟,4,1・2番線,3・4番線,#ff6600
東武スカイツリーライン,東向島,5,1番線,2番線,#ff6600
東武スカイツリーライン,鐘ヶ淵,6,1番線,2番線,#ff6600
東武スカイツリーライン,堀切,7,1番線,2番線,#ff6600
東武スカイツリーライン,牛田,8,1番線,2番線,#ff6600
東武スカイツリーライン,北千住,9,1〜5番線,1〜5番線,#ff6600
東武スカイツリーライン,小菅,10,1番線,2番線,#ff6600
東武スカイツリーライン,五反野,11,1番線,2番線,#ff6600
東武スカイツリーライン,梅島,12,1番線,2番線,#ff6600
東武スカイツリーライン,西新井,13,1〜6番線,1〜6番線,#ff6600
東武スカイツリーライン,竹ノ塚,14,1番線,2番線,#ff6600
東武スカイツリーライン,谷塚,15,1番線,2番線,#ff6600
東武スカイツリーライン,草加,16,1・2番線,5・6番線,#ff6600
東武スカイツリーライン,獨協大学前,17,1番線,2番線,#ff6600
東武スカイツリーライン,新田,18,1番線,2番線,#ff6600
東武スカイツリーライン,蒲生,19,1番線,2番線,#ff6600
東武スカイツリーライン,新越谷,20,1・2番線,3・4番線,`#ff6600"
東武スカイツリーライン,越谷,21,1・2番線,3・4番線,#ff6600
東武スカイツリーライン,北越谷,22,1・2番線,3・4番線,#ff6600
東武スカイツリーライン,大袋,23,1番線,2番線,#ff6600
東武スカイツリーライン,せんげん台,24,1・2番線,3・4番線,#ff6600
東武スカイツリーライン,武里,25,1番線,2番線,#ff6600
東武スカイツリーライン,一ノ割,26,1番線,2番線,#ff6600
東武スカイツリーライン,春日部,27,1〜8番線,1〜8番線,#ff6600
東武スカイツリーライン,北春日部,28,1番線,2番線,#ff6600
東武スカイツリーライン,姫宮,29,1番線,2番線,#ff6600
東武スカイツリーライン,東武動物公園,30,2〜5番線,2〜5番線,#ff6600
東武伊勢崎線,和戸,31,1番線,2番線,#ff6600
東武伊勢崎線,久喜,32,1・2番線,3・4番線,#ff6600
東武伊勢崎線,鷲宮,33,1番線,2番線,#ff6600
東武伊勢崎線,花崎,34,1番線,2番線,#ff6600
東武伊勢崎線,加須,35,1番線,2番線,#ff6600
東武伊勢崎線,南羽生,36,1番線,2番線,#ff6600
東武伊勢崎線,羽生,37,1・2番線,3・4番線,#ff6600
東武伊勢崎線,川俣,38,1番線,2番線,#ff6600
東武伊勢崎線,茂林寺前,39,1番線,2番線,#ff6600
東武伊勢崎線,館林,40,1〜5番線,1〜5番線,#ff6600
東武伊勢崎線,多々良,41,1番線,2番線,#ff6600
東武伊勢崎線,県,42,1番線,1番線,#ff6600
東武伊勢崎線,福居,43,1番線,2番線,#ff6600
東武伊勢崎線,東武和泉,44,1番線,1番線,#ff6600
東武伊勢崎線,足利市,45,1番線,2番線,#ff6600
東武伊勢崎線,野州山辺,46,1番線,2番線,#ff6600
東武伊勢崎線,韮川,47,1番線,2番線,#ff6600
東武伊勢崎線,太田,48,1〜4番線,1〜4番線,#ff6600
東武伊勢崎線,細谷,49,1番線,2番線,#ff6600
東武伊勢崎線,木崎,50,1番線,2番線,#ff6600
東武伊勢崎線,世良田,51,1番線,2番線,#ff6600
東武伊勢崎線,境町,52,1番線,2番線,#ff6600
東武伊勢崎線,剛志,53,1番線,2番線,#ff6600
東武伊勢崎線,新伊勢崎,54,1番線,2番線,#ff6600
東武伊勢崎線,伊勢崎,55,1・2番線,(当駅止まり),#ff6600
line_name,station_name,seq,down_pf,up_pf,line_color
東武亀戸線,曳舟,1,5番線,(当駅始発),#ff6600
東武亀戸線,小村井,2,1番線,2番線,#ff6600
東武亀戸線,東あずま,3,1番線,2番線,#ff6600
東武亀戸線,亀戸水神,4,1番線,2番線,#ff6600
東武亀戸線,亀戸,5,(当駅止まり),1・2番線,#ff6600
line_name,station_name,seq,down_pf,up_pf,line_color
東武大師線,西新井,1,1・2番線,(当駅始発),#ff6600
東武大師線,大師前,2,(当駅止まり),1番線,#ff6600
line_name,station_name,seq,down_pf,up_pf,line_color
東武佐野線,館林,1,1番線,(当駅始発),#ff6600
東武佐野線,渡瀬,2,1番線,1番線,#ff6600
東武佐野線,田島,3,1番線,1番線,#ff6600
東武佐野線,佐野市,4,1番線,2番線,#ff6600
東武佐野線,佐野,5,1番線,2番線,#ff6600
東武佐野線,堀米,6,1番線,1番線,#ff6600
東武佐野線,吉水,7,1番線,1番線,#ff6600
東武佐野線,田沼,8,1番線,2番線,#ff6600
東武佐野線,多田,9,1番線,1番線,#ff6600
東武佐野線,葛生,10,(当駅止まり),1番線,#ff6600
line_name,station_name,seq,down_pf,up_pf,line_color
東武桐生線,太田,1,3・4番線,(当駅始発),#ff6600
東武桐生線,三枚橋,2,1番線,1番線,#ff6600
東武桐生線,治良門橋,3,1番線,2番線,#ff6600
東武桐生線,藪塚,4,1番線,2番線,#ff6600
東武桐生線,阿左美,5,1番線,1番線,#ff6600
東武桐生線,新桐生,6,1番線,2番線,#ff6600
東武桐生線,相老,7,1番線,2番線,#ff6600
東武桐生線,赤城,8,(当駅止まり),2・3番線,#ff6600
line_name,station_name,seq,down_pf,up_pf,line_color
東武小泉線,館林,1,4番線,(当駅始発),#ff6600
東武小泉線,成島,2,1番線,1番線,#ff6600
東武小泉線,本中野,3,1番線,2番線,#ff6600
東武小泉線,篠塚,4,1番線,1番線,#ff6600
東武小泉線,東小泉,5,1〜3番線,1〜3番線,#ff6600
東武小泉線,小泉町,6,1番線,1番線,#ff6600
東武小泉線,西小泉,7,(当駅止まり),1番線,#ff6600
東武小泉線,竜舞,8,1番線,1番線,#ff6600
東武小泉線,太田,9,(当駅止まり),1〜4番線,#ff6600
line_name,station_name,seq,down_pf,up_pf,line_color
東武日光線,東武動物公園,1,4・5番線,(始発/直通),#ff6600
東武日光線,杉戸高野台,2,1・2番線,3・4番線,#ff6600
東武日光線,幸手,3,1番線,2番線,#ff6600
東武日光線,栗橋,4,1番線,2番線,#ff6600
東武日光線,新古河,5,1番線,2番線,#ff6600
東武日光線,柳生,6,1番線,2番線,#ff6600
東武日光線,板倉東洋大前,7,1・2番線,3・4番線,#ff6600
東武日光線,藤岡,8,1番線,2番線,#ff6600
東武日光線,静和,9,1番線,2番線,#ff6600
東武日光線,新栃木,10,1〜3番線,1〜3番線,#ff6600
東武日光線,合戦場,11,1番線,2番線,#ff6600
東武日光線,家中,12,1番線,2番線,#ff6600
東武日光線,東武金崎,13,1番線,2番線,#ff6600
東武日光線,楡木,14,1番線,2番線,#ff6600
東武日光線,樅山,15,1番線,2番線,#ff6600
東武日光線,新鹿沼,16,1・2番線,3番線,#ff6600
東武日光線,北鹿沼,17,1番線,2番線,#ff6600
東武日光線,板荷,18,1番線,2番線,#ff6600
東武日光線,下小代,19,1番線,2番線,#ff6600
東武日光線,明神,20,1番線,2番線,#ff6600
東武日光線,下今市,21,1〜4番線,1〜4番線,#ff6600
東武日光線,上今市,22,1番線,2番線,#ff6600
東武日光線,東武日光,23,(当駅止まり),1〜6番線,#ff6600
line_name,station_name,seq,down_pf,up_pf,line_color
東武宇都宮線,新栃木,1,2・3番線,(始発/直通),#ff6600
東武宇都宮線,野州平川,2,1番線,2番線,#ff6600
東武宇都宮線,野州大塚,3,1番線,2番線,#ff6600
東武宇都宮線,壬生,4,1番線,2番線,#ff6600
東武宇都宮線,国谷,5,1番線,2番線,#ff6600
東武宇都宮線,おもちゃのまち,6,1番線,2番線,#ff6600
東武宇都宮線,安塚,7,1番線,2番線,#ff6600
東武宇都宮線,西川田,8,1番線,2番線,#ff6600
東武宇都宮線,江曽島,9,1番線,2番線,#ff6600
東武宇都宮線,南宇都宮,10,1番線,2番線,#ff6600
東武宇都宮線,東武宇都宮,11,(当駅止まり),1番線,#ff6600
line_name,station_name,seq,down_pf,up_pf,line_color
東武鬼怒川線,下今市,1,3番線,(始発/直通),#ff6600
東武鬼怒川線,大谷向,2,1番線,2番線,#ff6600
東武鬼怒川線,大桑,3,1番線,2番線,#ff6600
東武鬼怒川線,新高徳,4,1番線,2番線,#ff6600
東武鬼怒川線,小佐越,5,1番線,2番線,#ff6600
東武鬼怒川線,東武ワールドスクウェア,6,1番線,1番線,#ff6600
東武鬼怒川線,鬼怒川温泉,7,1・2番線,3・4番線,#ff6600
東武鬼怒川線,鬼怒川公園,8,1番線,2番線,#ff6600
東武鬼怒川線,新藤原,9,(当駅止まり),1〜3番線,#ff6600
line_name,station_name,seq,down_pf,up_pf,line_color
東武東上線,池袋,1,(当駅始発),1〜5番線,#0067b0
東武東上線,北池袋,2,1番線,2番線,#0067b0
東武東上線,下板橋,3,1番線,2番線,#0067b0
東武東上線,大山,4,1番線,2番線,#0067b0
東武東上線,中板橋,5,1・2番線,3・4番線,#0067b0
東武東上線,ときわ台,6,1番線,2番線,#0067b0
東武東上線,上板橋,7,1・2番線,3・4番線,#0067b0
東武東上線,東武練馬,8,1番線,2番線,#0067b0
東武東上線,下赤塚,9,1番線,2番線,#0067b0
東武東上線,成増,10,1・2番線,3・4番線,#0067b0
東武東上線,和光市,11,1・2番線,3・4番線,#0067b0
東武東上線,朝霞,12,1・2番線,3・4番線,#0067b0
東武東上線,朝霞台,13,1・2番線,3・4番線,#0067b0
東武東上線,志木,14,1・2番線,3・4番線,#0067b0
東武東上線,柳瀬川,15,1番線,2番線,#0067b0
東武東上線,みずほ台,16,1番線,2番線,#0067b0
東武東上線,鶴瀬,17,1番線,2番線,#0067b0
東武東上線,ふじみ野,18,1・2番線,3・4番線,#0067b0
東武東上線,上福岡,19,1番線,2番線,#0067b0
東武東上線,新河岸,20,1番線,2番線,#0067b0
東武東上線,川越,21,1番線,2番線,#0067b0
東武東上線,川越市,22,1・2番線,3・4番線,#0067b0
東武東上線,霞ヶ関,23,1番線,2番線,#0067b0
東武東上線,鶴ヶ島,24,1番線,2番線,#0067b0
東武東上線,若葉,25,1番線,2番線,#0067b0
東武東上線,坂戸,26,1・2番線,3・4番線,#0067b0
東武東上線,北坂戸,27,1番線,2番線,#0067b0
東武東上線,高坂,28,1番線,2番線,#0067b0
東武東上線,東松山,29,1番線,2番線,#0067b0
東武東上線,森林公園,30,1・2番線,3・4番線,#0067b0
東武東上線,つきのわ,31,1番線,2番線,#0067b0
東武東上線,武蔵嵐山,32,1番線,2番線,#0067b0
東武東上線,小川町,33,1・2番線,3・4番線,#0067b0
東武東上線,玉淀,34,1番線,1番線,#0067b0
東武東上線,寄居,35,(当駅止まり),1・2番線,#0067b0
line_name,station_name,seq,down_pf,up_pf,line_color
東武越生線,坂戸,1,1・2番線,(当駅始発),#0067b0
東武越生線,一本松,2,1番線,2番線,#0067b0
東武越生線,西大家,3,1番線,1番線,#0067b0
東武越生線,川角,4,1番線,2番線,#0067b0
東武越生線,武州長瀬,5,1番線,2番線,#0067b0
東武越生線,東毛呂,6,1番線,2番線,#0067b0
東武越生線,武州唐沢,7,1番線,1番線,#0067b0
東武越生線,越生,8,(当駅止まり),1番線,#0067b0
line_name,station_name,seq,down_pf,up_pf,line_color
東武野田線,大宮,1,(当駅始発),1・2番線,#8ac007
東武野田線,北大宮,2,1番線,2番線,#8ac007
東武野田線,大宮公園,3,1番線,2番線,#8ac007
東武野田線,大和田,4,1番線,2番線,#8ac007
東武野田線,七里,5,1番線,2番線,#8ac007
東武野田線,岩槻,6,1・2番線,3番線,#8ac007
東武野田線,東岩槻,7,1番線,2番線,#8ac007
東武野田線,豊春,8,1番線,2番線,#8ac007
東武野田線,八木崎,9,1番線,2番線,#8ac007
東武野田線,春日部,10,7・8番線,7・8番線,#8ac007
東武野田線,藤の牛島,11,1番線,2番線,#8ac007
東武野田線,南桜井,12,1番線,2番線,#8ac007
東武野田線,川間,13,1番線,2番線,#8ac007
東武野田線,七光台,14,1番線,2番線,#8ac007
東武野田線,清水公園,15,1番線,2番線,#8ac007
東武野田線,愛宕,16,1番線,2番線,#8ac007
東武野田線,野田市,17,1・2番線,3番線,#8ac007
東武野田線,梅郷,18,1番線,2番線,#8ac007
東武野田線,運河,19,1番線,2・3番線,#8ac007
東武野田線,江戸川台,20,1番線,2番線,#8ac007
東武野田線,初石,21,1番線,2番線,#8ac007
東武野田線,流山おおたかの森,22,1番線,2番線,#8ac007
東武野田線,豊四季,23,1番線,2番線,#8ac007
東武野田線,柏,24,1〜4番線,1〜4番線,#8ac007
東武野田線,増尾,25,1番線,2番線,#8ac007
東武野田線,逆井,26,1番線,2番線,#8ac007
東武野田線,高柳,27,1・2番線,3・4番線,#8ac007
東武野田線,六実,28,1番線,2・3番線,#8ac007
東武野田線,新鎌ヶ谷,29,1番線,2番線,#8ac007
東武野田線,鎌ヶ谷,30,1番線,2番線,#8ac007
東武野田線,馬込沢,31,1番線,2番線,#8ac007
東武野田線,塚田,32,1番線,2番線,#8ac007
東武野田線,新船橋,33,1番線,2番線,#8ac007
東武野田線,船橋,34,(当駅止まり),1・2番線,#8ac007
西武池袋線,池袋,1,(当駅始発),1〜7番線,#f6ad00
西武池袋線,椎名町,2,1番線,2番線,#f6ad00
西武池袋線,東長崎,3,1・2番線,3・4番線,#f6ad00
西武池袋線,江古田,4,1番線,2番線,#f6ad00
西武池袋線,桜台,5,1番線,2番線,#f6ad00
西武池袋線,練馬,6,1・2番線,3・4番線,#f6ad00
西武池袋線,中村橋,7,1番線,2番線,#f6ad00
西武池袋線,富士見台,8,1番線,2番線,#f6ad00
西武池袋線,練馬高野台,9,1番線,2番線,#f6ad00
西武池袋線,石神井公園,10,1・2番線,3・4番線,#f6ad00
西武池袋線,大泉学園,11,1番線,2番線,#f6ad00
西武池袋線,保谷,12,1番線,2・3番線,#f6ad00
西武池袋線,ひばりヶ丘,13,1・2番線,3・4番線,#f6ad00
西武池袋線,東久留米,14,1番線,2番線,#f6ad00
西武池袋線,清瀬,15,1・2番線,3・4番線,#f6ad00
西武池袋線,秋津,16,1番線,2番線,#f6ad00
西武池袋線,所沢,17,2・3番線,4・5番線,#f6ad00
西武池袋線,西所沢,18,1・2番線,3・4番線,#f6ad00
西武池袋線,小手指,19,1・2番線,3・4番線,#f6ad00
西武池袋線,狭山ヶ丘,20,1番線,2番線,#f6ad00
西武池袋線,武蔵藤沢,21,1番線,2番線,#f6ad00
西武池袋線,稲荷山公園,22,1番線,2番線,#f6ad00
西武池袋線,入間市,23,1・2番線,4・5番線,#f6ad00
西武池袋線,仏子,24,1番線,2・3番線,#f6ad00
西武池袋線,元加治,25,1番線,2番線,#f6ad00
西武池袋線,飯能,26,1〜4番線,1〜4番線,#f6ad00
西武池袋線,東飯能,27,1番線,2番線,#f6ad00
西武池袋線,高麗,28,1番線,2番線,#f6ad00
西武池袋線,武蔵横手,29,1番線,2番線,#f6ad00
西武池袋線,東吾野,30,1番線,2番線,#f6ad00
西武池袋線,吾野,31,(当駅止まり),1〜3番線,#f6ad00
line_name,station_name,seq,down_pf,up_pf,line_color
西武秩父線,吾野,1,1・2番線,(始発/直通),#f6ad00
西武秩父線,西吾野,2,1番線,2番線,#f6ad00
西武秩父線,正丸,3,1番線,2番線,#f6ad00
西武秩父線,芦ヶ久保,4,1番線,2番線,#f6ad00
西武秩父線,横瀬,5,1番線,2番線,#f6ad00
西武秩父線,西武秩父,6,(当駅止まり),1〜3番線,#f6ad00
line_name,station_name,seq,down_pf,up_pf,line_color
西武有楽町線,練馬,1,2番線,(始発/直通),#f6ad00
西武有楽町線,新桜台,2,1番線,2番線,#f6ad00
西武有楽町線,小竹向原,3,(直通),3・4番線,#f6ad00
line_name,station_name,seq,down_pf,up_pf,line_color
西武豊島線,練馬,1,2番線,(始発/直通),#f6ad00
西武豊島線,豊島園,2,(当駅止まり),1・2番線,#f6ad00
line_name,station_name,seq,down_pf,up_pf,line_color
西武狭山線,西所沢,1,1・2番線,(始発/直通),#f6ad00
西武狭山線,下山口,2,1番線,2番線,#f6ad00
西武狭山線,西武球場前,3,(当駅止まり),1〜6番線,#f6ad00
line_name,station_name,seq,down_pf,up_pf,line_color
西武新宿線,西武新宿,1,(当駅始発),1〜3番線,#00a6bf
西武新宿線,高田馬場,2,1番線,2番線,#00a6bf
西武新宿線,下落合,3,1番線,2番線,#00a6bf
西武新宿線,中井,4,1番線,2番線,#00a6bf
西武新宿線,新井薬師前,5,1番線,2番線,#00a6bf
西武新宿線,沼袋,6,1番線,2番線,#00a6bf
西武新宿線,野方,7,1番線,2番線,#00a6bf
西武新宿線,都立家政,8,1番線,2番線,#00a6bf
西武新宿線,鷺ノ宮,9,1・2番線,3番線,#00a6bf
西武新宿線,下井草,10,1番線,2番線,`#00a6bf"
西武新宿線,井荻,11,1番線,2番線,#00a6bf
西武新宿線,上井草,12,1番線,2番線,#00a6bf
西武新宿線,上石神井,13,1・2番線,3・4番線,#00a6bf
西武新宿線,武蔵関,14,1番線,2番線,#00a6bf
西武新宿線,東伏見,15,1・2番線,3・4番線,#00a6bf
西武新宿線,西武柳沢,16,1番線,2番線,#00a6bf
西武新宿線,田無,17,1・2番線,3・4番線,#00a6bf
西武新宿線,花小金井,18,1番線,2番線,#00a6bf
西武新宿線,小平,19,1・2番線,3番線,#00a6bf
西武新宿線,久米川,20,1番線,2番線,#00a6bf
西武新宿線,東村山,21,1〜6番線,1〜6番線,#00a6bf
西武新宿線,所沢,22,1番線,2・3番線,#00a6bf
西武新宿線,航空公園,23,1番線,2番線,#00a6bf
西武新宿線,新所沢,24,1・2番線,3・4番線,#00a6bf
西武新宿線,入曽,25,1番線,2番線,#00a6bf
西武新宿線,狭山市,26,1番線,2番線,#00a6bf
西武新宿線,新狭山,27,1番線,2番線,#00a6bf
西武新宿線,南大塚,28,1番線,2番線,#00a6bf
西武新宿線,本川越,29,(当駅止まり),1・2番線,#00a6bf
line_name,station_name,seq,down_pf,up_pf,line_color
西武拝島線,小平,1,1・2番線,(始発/直通),#00a6bf
西武拝島線,萩山,2,1・2番線,3番線,#00a6bf
西武拝島線,小川,3,1番線,2番線,#00a6bf
西武拝島線,東大和市,4,1番線,2番線,#00a6bf
西武拝島線,玉川上水,5,1・2番線,3・4番線,#00a6bf
西武拝島線,武蔵砂川,6,1番線,2番線,#00a6bf
西武拝島線,西武立川,7,1番線,2番線,#00a6bf
西武拝島線,拝島,8,(当駅止まり),6・7番線,#00a6bf
line_name,station_name,seq,down_pf,up_pf,line_color
西武多摩湖線,国分寺,1,7番線,(当駅始発),#ff7e1c
西武多摩湖線,一橋学園,2,1番線,2番線,#ff7e1c
西武多摩湖線,青梅街道,3,1番線,1番線,#ff7e1c
西武多摩湖線,萩山,4,2・3番線,1・2番線,#ff7e1c
西武多摩湖線,八坂,5,1番線,1番線,#ff7e1c
西武多摩湖線,武蔵大和,6,1番線,1番線,#ff7e1c
西武多摩湖線,多摩湖,7,(当駅止まり),1・2番線,#ff7e1c
line_name,station_name,seq,down_pf,up_pf,line_color
西武国分寺線,国分寺,1,5番線,(当駅始発),#31a952
西武国分寺線,恋ヶ窪,2,1番線,2番線,#31a952
西武国分寺線,鷹の台,3,1番線,2番線,#31a952
西武国分寺線,小川,4,3・4番線,3・4番線,#31a952
西武国分寺線,東村山,5,(当駅止まり),1・2番線,#31a952
line_name,station_name,seq,down_pf,up_pf,line_color
西武園線,東村山,1,3番線,(当駅始発),#31a952
西武園線,西武園,2,(当駅止まり),1〜3番線,#31a952
line_name,station_name,seq,down_pf,up_pf,line_color
西武多摩川線,武蔵境,1,3番線,(当駅始発),#ffffff
西武多摩川線,新小金井,2,1番線,2番線,#ffffff
西武多摩川線,多磨,3,1番線,2番線,#ffffff
西武多摩川線,白糸台,4,1番線,2番線,#ffffff
西武多摩川線,競艇場前,5,1番線,1番線,#ffffff
西武多摩川線,是政,6,(当駅止まり),1番線,#ffffff
line_name,station_name,seq,down_pf,up_pf,line_color
西武山口線,多摩湖,1,1番線,(当駅始発),#f6ad00
西武山口線,西武園ゆうえんち,2,1番線,1番線,#f6ad00
西武山口線,西武球場前,3,(当駅止まり),7・8番線,#f6ad00
京成本線,京成上野,1,(当駅始発),1〜4番線,#003399
京成本線,日暮里,2,1・2番線,0番線,#003399
京成本線,新三河島,3,1番線,2番線,#003399
京成本線,町屋,4,1番線,2番線,#003399
京成本線,千住大橋,5,1・2番線,3・4番線,#003399
京成本線,京成関屋,6,1番線,2番線,#003399
京成本線,堀切菖蒲園,7,1番線,2番線,#003399
京成本線,お花茶屋,8,1番線,2番線,#003399
京成本線,青砥,9,1・2番線,3・4番線,#003399
京成本線,京成高砂,10,1・2番線,3・4番線,#003399
京成本線,京成小岩,11,1・2番線,3・4番線,#003399
京成本線,江戸川,12,1番線,2番線,#003399
京成本線,国府台,13,1番線,2番線,#003399
京成本線,市川真間,14,1・2番線,3・4番線,#003399
京成本線,菅野,15,1番線,2番線,#003399
京成本線,京成八幡,16,1番線,2番線,#003399
京成本線,鬼越,17,1番線,2番線,#003399
京成本線,京成中山,18,1番線,2番線,#003399
京成本線,東中山,19,1・2番線,3・4番線,#003399
京成本線,京成西船,20,1番線,2番線,`#003399"
京成本線,海神,21,1番線,2番線,#003399
京成本線,京成船橋,22,1番線,2番線,#003399
京成本線,大神宮下,23,1番線,2番線,#003399
京成本線,船橋競馬場,24,1・2番線,3・4番線,#003399
京成本線,谷津,25,1番線,2番線,#003399
京成本線,京成津田沼,26,1〜4番線,5・6番線,#003399
京成本線,京成大久保,27,1番線,2番線,#003399
京成本線,実籾,28,1番線,2番線,#003399
京成本線,八千代台,29,1・2番線,3・4番線,#003399
京成本線,京成大和田,30,1番線,2番線,#003399
京成本線,勝田台,31,1番線,2番線,#003399
京成本線,志津,32,1番線,2番線,#003399
京成本線,ユーカリが丘,33,1番線,2・3番線,#003399
京成本線,京成臼井,34,1番線,2番線,#003399
京成本線,京成佐倉,35,1・2番線,3・4番線,#003399
京成本線,大佐倉,36,1番線,2番線,#003399
京成本線,京成酒々井,37,1番線,2番線,#003399
京成本線,宗吾参道,38,1番線,2番線,#003399
京成本線,公津の杜,39,1番線,2番線,#003399
京成本線,京成成田,40,1・2・5番,3番線,#003399
京成本線,空港第2ビル,41,1番線,2番線,#003399
京成本線,成田空港,42,(当駅止まり),1・2・3番,#003399
line_name,station_name,seq,down_pf,up_pf,line_color
成田スカイアクセス線,京成高砂,1,1番線,(始発/直通),#eb5a28
成田スカイアクセス線,東松戸,2,1番線,2番線,#eb5a28
成田スカイアクセス線,新鎌ヶ谷,3,1番線,2番線,#eb5a28
成田スカイアクセス線,千葉ニュータウン中央,4,1番線,2番線,#eb5a28
成田スカイアクセス線,印旛日本医大,5,1番線,2番線,#eb5a28
成田スカイアクセス線,成田湯川,6,1番線,2番線,#eb5a28
成田スカイアクセス線,空港第2ビル,7,1番線,2番線,#eb5a28
成田スカイアクセス線,成田空港,8,(当駅止まり),1番線,#eb5a28
line_name,station_name,seq,down_pf,up_pf,line_color
京成押上線,押上,1,1・2番線,(始発/直通),#003399
京成押上線,京成曳舟,2,1番線,2番線,#003399
京成押上線,八広,3,1番線,2番線,#003399
京成押上線,四ツ木,4,1番線,2番線,#003399
京成押上線,京成立石,5,1番線,2番線,#003399
京成押上線,青砥,6,(直通),3・4番線,#003399
line_name,station_name,seq,down_pf,up_pf,line_color
京成金町線,京成高砂,1,5番線,(当駅始発),#003399
京成金町線,柴又,2,1番線,2番線,#003399
京成金町線,京成金町,3,(当駅止まり),1番線,#003399
line_name,station_name,seq,down_pf,up_pf,line_color
京成千葉線,京成津田沼,1,1・2番線,(始発/直通),#003399
京成千葉線,幕張本郷,2,1番線,2番線,#003399
京成千葉線,京成幕張,3,1番線,2番線,#003399
京成千葉線,検見川,4,1番線,2番線,#003399
京成千葉線,京成稲毛,5,1番線,2番線,#003399
京成千葉線,みどり台,6,1番線,2番線,#003399
京成千葉線,西登戸,7,1番線,2番線,#003399
京成千葉線,新千葉,8,1番線,2番線,#003399
京成千葉線,京成千葉,9,1番線,2番線,#003399
京成千葉線,千葉中央,10,(直通),1番線,#003399
line_name,station_name,seq,down_pf,up_pf,line_color
京成千原線,千葉中央,1,1番線,(始発/直通),#003399
京成千原線,千葉寺,2,1番線,1番線,#003399
京成千原線,大森台,3,1番線,1番線,#003399
京成千原線,学園前,4,1番線,2番線,#003399
京成千原線,おゆみ野,5,1番線,1番線,#003399
京成千原線,ちはら台,6,(当駅止まり),1番線,#003399
line_name,station_name,seq,down_pf,up_pf,line_color
京成東成田線,京成成田,1,1・2・5番,(始発/直通),#003399
京成東成田線,東成田,2,(当駅止まり),1・2番線,#003399
line_name,station_name,seq,down_pf,up_pf,line_color
新京成線,松戸,1,(当駅始発),7・8番線,#ef59a1
新京成線,上本郷,2,1番線,2番線,#ef59a1
新京成線,松戸新田,3,1番線,2番線,#ef59a1
新京成線,みのり台,4,1番線,2番線,#ef59a1
新京成線,八柱,5,1番線,2番線,#ef59a1
新京成線,常盤平,6,1番線,2番線,#ef59a1
新京成線,五香,7,1番線,2番線,`#ef59a1"
新京成線,元山,8,1番線,2番線,#ef59a1
新京成線,くぬぎ山,9,1番線,2番線,#ef59a1
新京成線,北初富,10,1番線,2番線,#ef59a1
新京成線,新鎌ヶ谷,11,1番線,2番線,#ef59a1
新京成線,初富,12,1番線,2番線,#ef59a1
新京成線,鎌ヶ谷大仏,13,1番線,2番線,#ef59a1
新京成線,二和向台,14,1番線,2番線,#ef59a1
新京成線,三咲,15,1番線,2番線,#ef59a1
新京成線,滝不動,16,1番線,2番線,#ef59a1
新京成線,高根公団,17,1番線,2番線,#ef59a1
新京成線,高根木戸,18,1番線,2番線,#ef59a1
新京成線,北習志野,19,1番線,2番線,#ef59a1
新京成線,習志野,20,1番線,2番線,#ef59a1
新京成線,薬園台,21,1番線,2番線,#ef59a1
新京成線,前原,22,1番線,2番線,#ef59a1
新京成線,新津田沼,23,1番線,2番線,#ef59a1
新京成線,京成津田沼,24,(当駅止まり),5・6番線,#ef59a1
京急本線,泉岳寺,1,1番線,(始発/直通),#00aed9
京急本線,品川,2,1番線,2・3番線,#00aed9
京急本線,北品川,3,1番線,2番線,#00aed9
京急本線,新馬場,4,1番線,2番線,#00aed9
京急本線,青物横丁,5,1番線,2番線,#00aed9
京急本線,鮫洲,6,1番線,2番線,#00aed9
京急本線,立会川,7,1番線,2番線,#00aed9
京急本線,大森海岸,8,1番線,2番線,#00aed9
京急本線,平和島,9,1・2番線,3・4番線,#00aed9
京急本線,大森町,10,1番線,2番線,#00aed9
京急本線,梅屋敷,11,1番線,2番線,#00aed9
京急本線,京急蒲田,12,1〜3番線,4〜6番線,#00aed9
京急本線,雑色,13,1番線,2番線,#00aed9
京急本線,六郷土手,14,1番線,2番線,#00aed9
京急本線,京急川崎,15,4・5番線,6・7番線,#00aed9
京急本線,八丁畷,16,1番線,2番線,#00aed9
京急本線,鶴見市場,17,1番線,2番線,#00aed9
京急本線,京急鶴見,18,1番線,2・3番線,#00aed9
京急本線,花月総持寺,19,1番線,2番線,#00aed9
京急本線,生麦,20,1番線,2・3番線,#00aed9
京急本線,京急新子安,21,1番線,2番線,#00aed9
京急本線,子安,22,1番線,2・3番線,#00aed9
京急本線,神奈川新町,23,1・2番線,3・4番線,#00aed9
京急本線,京急東神奈川,24,1番線,2番線,#00aed9
京急本線,神奈川,25,1番線,2番線,#00aed9
京急本線,横浜,26,1番線,2番線,#00aed9
京急本線,戸部,27,1番線,2番線,#00aed9
京急本線,日ノ出町,28,1番線,2番線,#00aed9
京急本線,黄金町,29,1番線,2番線,#00aed9
京急本線,南太田,30,1番線,2・3番線,#00aed9
京急本線,井土ヶ谷,31,1番線,2番線,#00aed9
京急本線,弘明寺,32,1番線,2番線,#00aed9
京急本線,上大岡,33,1・2番線,3・4番線,#00aed9
京急本線,屏風浦,34,1番線,2番線,`#00aed9"
京急本線,杉田,35,1番線,2番線,#00aed9
京急本線,京急富岡,36,1番線,2・3番線,#00aed9
京急本線,能見台,37,1番線,2番線,#00aed9
京急本線,金沢文庫,38,1・2番線,3・4番線,#00aed9
京急本線,金沢八景,39,1・2番線,3・4番線,#00aed9
京急本線,追浜,40,1番線,2番線,#00aed9
京急本線,京急田浦,41,1番線,2番線,#00aed9
京急本線,安針塚,42,1番線,2番線,#00aed9
京急本線,逸見,43,1番線,2番線,#00aed9
京急本線,汐入,44,1番線,2番線,#00aed9
京急本線,横須賀中央,45,1番線,2番線,#00aed9
京急本線,県立大学,46,1番線,2番線,#00aed9
京急本線,堀ノ内,47,1番線,2・3番線,#00aed9
京急本線,京急大津,48,1番線,2番線,#00aed9
京急本線,馬堀海岸,49,1番線,2番線,#00aed9
京急本線,浦賀,50,(当駅止まり),1・2番線,#00aed9
line_name,station_name,seq,down_pf,up_pf,line_color
京急空港線,京急蒲田,1,1・4番線,(始発/直通),#00aed9
京急空港線,糀谷,2,1番線,2番線,#00aed9
京急空港線,大鳥居,3,1番線,2番線,#00aed9
京急空港線,穴守稲荷,4,1番線,2番線,#00aed9
京急空港線,天空橋,5,1番線,2番線,#00aed9
京急空港線,羽田空港第3ターミナル,6,1番線,2番線,#00aed9
京急空港線,羽田空港第1・第2ターミナル,7,(当駅止まり),1・2番線,#00aed9
line_name,station_name,seq,down_pf,up_pf,line_color
京急大師線,京急川崎,1,1〜3番線,(当駅始発),#00aed9
京急大師線,港町,2,1番線,2番線,#00aed9
京急大師線,鈴木町,3,1番線,2番線,#00aed9
京急大師線,川崎大師,4,1番線,2番線,#00aed9
京急大師線,東門前,5,1番線,2番線,#00aed9
京急大師線,大師橋,6,1番線,2番線,#00aed9
京急大師線,小島新田,7,(当駅止まり),1・2番線,#00aed9
line_name,station_name,seq,down_pf,up_pf,line_color
京急逗子線,金沢八景,1,2・4番線,(始発/直通),#00aed9
京急逗子線,六浦,2,1番線,2番線,#00aed9
京急逗子線,神武寺,3,1番線,2番線,#00aed9
京急逗子線,逗子・葉山,4,(当駅止まり),1番線,#00aed9
line_name,station_name,seq,down_pf,up_pf,line_color
京急久里浜線,堀ノ内,1,1番線,(始発/直通),#00aed9
京急久里浜線,新大津,2,1番線,2番線,#00aed9
京急久里浜線,北久里浜,3,1番線,2番線,#00aed9
京急久里浜線,京急久里浜,4,1・2番線,3・4番線,#00aed9
京急久里浜線,YRP野比,5,1番線,2番線,#00aed9
京急久里浜線,京急長沢,6,1番線,2番線,#00aed9
京急久里浜線,津久井浜,7,1番線,2番線,#00aed9
京急久里浜線,三浦海岸,8,1番線,2番線,#00aed9
京急久里浜線,三崎口,9,(当駅止まり),1・2番線,#00aed9
東急東横線,渋谷,1,3〜5番線,(始発/直通),#da0442
東急東横線,代官山,2,1番線,2番線,#da0442
東急東横線,中目黒,3,1番線,4番線,#da0442
東急東横線,祐天寺,4,1番線,2番線,#da0442
東急東横線,学芸大学,5,1番線,2番線,#da0442
東急東横線,都立大学,6,1番線,2番線,#da0442
東急東横線,自由が丘,7,1・2番線,5・6番線,#da0442
東急東横線,田園調布,8,1番線,4番線,#da0442
東急東横線,多摩川,9,1番線,4番線,#da0442
東急東横線,新丸子,10,1番線,4番線,#da0442
東急東横線,武蔵小杉,11,1番線,4番線,#da0442
東急東横線,元住吉,12,1番線,4番線,#da0442
東急東横線,日吉,13,1番線,4番線,#da0442
東急東横線,綱島,14,1番線,2番線,#da0442
東急東横線,大倉山,15,1番線,2番線,#da0442
東急東横線,菊名,16,3・4番線,5・6番線,#da0442
東急東横線,妙蓮寺,17,1番線,2番線,#da0442
東急東横線,白楽,18,1番線,2番線,#da0442
東急東横線,東白楽,19,1番線,2番線,#da0442
東急東横線,反町,20,1番線,2番線,#da0442
東急東横線,横浜,21,(直通),2番線,#da0442
line_name,station_name,seq,down_pf,up_pf,line_color
東急目黒線,目黒,1,1番線,(始発/直通),#009874
東急目黒線,不動前,2,1番線,2番線,#009874
東急目黒線,武蔵小山,3,1・2番線,3・4番線,#009874
東急目黒線,西小山,4,1番線,2番線,#009874
東急目黒線,洗足,5,1番線,2番線,#009874
東急目黒線,大岡山,6,1番線,4番線,#009874
東急目黒線,奥沢,7,1番線,2・3番線,#009874
東急目黒線,田園調布,8,2番線,3番線,#009874
東急目黒線,多摩川,9,2番線,3番線,#009874
東急目黒線,新丸子,10,2番線,3番線,#009874
東急目黒線,武蔵小杉,11,2番線,3番線,#009874
東急目黒線,元住吉,12,2番線,3番線,#009874
東急目黒線,日吉,13,(直通),2・3番線,#009874
line_name,station_name,seq,down_pf,up_pf,line_color
東急新横浜線,日吉,1,1・2番線,(始発/直通),#58539e
東急新横浜線,新綱島,2,1番線,2番線,#58539e
東急新横浜線,新横浜,3,(直通),1〜4番線,#58539e
line_name,station_name,seq,down_pf,up_pf,line_color
東急田園都市線,渋谷,1,1番線,(始発/直通),#00a8a2
東急田園都市線,池尻大橋,2,1番線,2番線,#00a8a2
東急田園都市線,三軒茶屋,3,1番線,2番線,#00a8a2
東急田園都市線,駒沢大学,4,1番線,2番線,#00a8a2
東急田園都市線,桜新町,5,1番線,2番線,#00a8a2
東急田園都市線,用賀,6,1番線,2番線,#00a8a2
東急田園都市線,二子玉川,7,1番線,4番線,#00a8a2
東急田園都市線,二子新地,8,1番線,4番線,#00a8a2
東急田園都市線,高津,9,1番線,4番線,#00a8a2
東急田園都市線,溝の口,10,1番線,4番線,#00a8a2
東急田園都市線,梶が谷,11,1・2番線,3・4番線,#00a8a2
東急田園都市線,宮崎台,12,1番線,2番線,#00a8a2
東急田園都市線,宮前平,13,1番線,2番線,#00a8a2
東急田園都市線,鷺沼,14,1・2番線,3・4番線,#00a8a2
東急田園都市線,たまプラーザ,15,1番線,2番線,#00a8a2
東急田園都市線,あざみ野,16,1番線,2番線,#00a8a2
東急田園都市線,江田,17,1番線,2・3番線,#00a8a2
東急田園都市線,市が尾,18,1番線,2番線,#00a8a2
東急田園都市線,藤が丘,19,1番線,2・3番線,#00a8a2
東急田園都市線,青葉台,20,1番線,2番線,#00a8a2
東急田園都市線,田奈,21,1番線,2番線,#00a8a2
東急田園都市線,長津田,22,1・2番線,3・4番線,#00a8a2
東急田園都市線,つくし野,23,1番線,2番線,#00a8a2
東急田園都市線,すずかけ台,24,1番線,2番線,#00a8a2
東急田園都市線,南町田グランベリーパーク,25,1番線,2番線,#00a8a2
東急田園都市線,つきみ野,26,1番線,2番線,#00a8a2
東急田園都市線,中央林間,27,(当駅止まり),1・2番線,#00a8a2
line_name,station_name,seq,down_pf,up_pf,line_color
東急大井町線,大井町,1,(当駅始発),1・2番線,#f39700
東急大井町線,下神明,2,1番線,2番線,#f39700
東急大井町線,戸越公園,3,1番線,2番線,#f39700
東急大井町線,中延,4,1番線,2番線,#f39700
東急大井町線,荏原町,5,1番線,2番線,#f39700
東急大井町線,旗の台,6,1・2番線,3・4番線,#f39700
東急大井町線,北千束,7,1番線,2番線,#f39700
東急大井町線,大岡山,8,2番線,3番線,#f39700
東急大井町線,緑が丘,9,1番線,2番線,#f39700
東急大井町線,自由が丘,10,1・2番線,3・4番線,#f39700
東急大井町線,九品仏,11,1番線,2番線,#f39700
東急大井町線,尾山台,12,1番線,2番線,#f39700
東急大井町線,等々力,13,1番線,2番線,#f39700
東急大井町線,上野毛,14,1番線,2番線,#f39700
東急大井町線,二子玉川,15,2番線,3番線,#f39700
東急大井町線,溝の口,16,(当駅止まり),2・3番線,#f39700
line_name,station_name,seq,down_pf,up_pf,line_color
東急池上線,五反田,1,(当駅始発),1・2番線,#ee83aa
東急池上線,大崎広小路,2,1番線,2番線,#ee83aa
東急池上線,戸越銀座,3,1番線,2番線,#ee83aa
東急池上線,荏原中延,4,1番線,2番線,#ee83aa
東急池上線,旗の台,5,1番線,2番線,#ee83aa
東急池上線,芝大門,6,1番線,2番線,#ee83aa
東急池上線,洗足池,7,1番線,2番線,#ee83aa
東急池上線,石川台,8,1番線,2番線,#ee83aa
東急池上線,雪が谷大塚,9,1・2番線,3・4番線,#ee83aa
東急池上線,御嶽山,10,1番線,2番線,#ee83aa
東急池上線,久が原,11,1番線,2番線,#ee83aa
東急池上線,千鳥町,12,1番線,2番線,#ee83aa
東急池上線,池上,13,1番線,2番線,#ee83aa
東急池上線,蓮沼,14,1番線,2番線,#ee83aa
東急池上線,蒲田,15,(当駅止まり),1・2番線,#ee83aa
line_name,station_name,seq,down_pf,up_pf,line_color
東急多摩川線,多摩川,1,5・6番線,(当駅始発),#9b90c0
東急多摩川線,沼部,2,1番線,2番線,#9b90c0
東急多摩川線,鵜の木,3,1番線,2番線,#9b90c0
東急多摩川線,下丸子,4,1番線,2番線,#9b90c0
東急多摩川線,武蔵新田,5,1番線,2番線,#9b90c0
東急多摩川線,矢口渡,6,1番線,2番線,#9b90c0
東急多摩川線,蒲田,7,(当駅止まり),3・4番線,#9b90c0
line_name,station_name,seq,down_pf,up_pf,line_color
こどもの国線,長津田,1,7番線,(当駅始発),#35a034
こどもの国線,恩田,2,1番線,1番線,#35a034
こどもの国線,こどもの国,3,(当駅止まり),1番線,#35a034
line_name,station_name,seq,down_pf,up_pf,line_color
東急世田谷線,三軒茶屋,1,(当駅始発),乗車専用,#f39700
東急世田谷線,西太子堂,2,下りホーム,上りホーム,#f39700
東急世田谷線,若林,3,下りホーム,上りホーム,#f39700
東急世田谷線,松陰神社前,4,下りホーム,上りホーム,#f39700
東急世田谷線,世田谷,5,下りホーム,上りホーム,#f39700
東急世田谷線,上町,6,下りホーム,上りホーム,#f39700
東急世田谷線,宮の坂,7,下りホーム,上りホーム,#f39700
東急世田谷線,山下,8,下りホーム,上りホーム,#f39700
東急世田谷線,松原,9,下りホーム,上りホーム,#f39700
東急世田谷線,下高井戸,10,(当駅止まり),降車専用,#f39700
京王線,京王新宿,1,(当駅始発),1〜3番線,#dd0077
京王線,新線新宿,2026/01/02,5番線,4番線,#dd0077
京王線,初台,2,1番線,2番線,#dd0077
京王線,幡ヶ谷,3,1番線,2番線,#dd0077
京王線,笹塚,4,1・2番線,3・4番線,#dd0077
京王線,代田橋,5,1番線,2番線,#dd0077
京王線,明大前,6,1番線,2番線,#dd0077
京王線,下高井戸,7,1番線,2番線,#dd0077
京王線,桜上水,8,1・2番線,3・4番線,#dd0077
京王線,上北沢,9,1番線,2番線,#dd0077
京王線,八幡山,10,1番線,2番線,#dd0077
京王線,芦花公園,11,1番線,2番線,#dd0077
京王線,千歳烏山,12,1番線,2番線,#dd0077
京王線,仙川,13,1番線,2番線,#dd0077
京王線,つつじヶ丘,14,1・2番線,3・4番線,#dd0077
京王線,柴崎,15,1番線,2番線,#dd0077
京王線,国領,16,1番線,2番線,#dd0077
京王線,布田,17,1番線,2番線,#dd0077
京王線,調布,18,1・2番線,3・4番線,#dd0077
京王線,西調布,19,1番線,2番線,#dd0077
京王線,飛田給,20,1番線,2・3番線,#dd0077
京王線,武蔵野台,21,1番線,2番線,#dd0077
京王線,多磨霊園,22,1番線,2番線,#dd0077
京王線,東府中,23,1番線,2・3・4番,#dd0077
京王線,府中,24,1・2番線,3・4番線,#dd0077
京王線,分倍河原,25,1番線,2番線,#dd0077
京王線,中河原,26,1番線,2番線,#dd0077
京王線,聖蹟桜ヶ丘,27,1番線,2番線,#dd0077
京王線,百草園,28,1番線,2番線,#dd0077
京王線,高幡不動,29,1・2番線,3番線,#dd0077
京王線,京王中河原,30,1番線,2番線,`#dd0077"
京王線,聖蹟桜ヶ丘,31,1番線,2番線,#dd0077
京王線,北野,30,1・2番線,3・4番線,#dd0077
京王線,京王八王子,31,(当駅止まり),1・2番線,#dd0077
line_name,station_name,seq,down_pf,up_pf,line_color
京王相模原線,調布,1,1・2番線,(始発/直通),#dd0077
京王相模原線,京王多摩川,2,1番線,2番線,#dd0077
京王相模原線,京王稲田堤,3,1番線,2番線,#dd0077
京王相模原線,京王よみうりランド,4,1番線,2番線,#dd0077
京王相模原線,稲城,5,1番線,2番線,#dd0077
京王相模原線,若葉台,6,1・2番線,3・4番線,#dd0077
京王相模原線,京王永山,7,1番線,2番線,#dd0077
京王相模原線,京王多摩センター,8,1・2番線,3・4番線,#dd0077
京王相模原線,京王堀之内,9,1番線,2番線,#dd0077
京王相模原線,南大沢,10,1番線,2番線,#dd0077
京王相模原線,多摩境,11,1番線,2番線,#dd0077
京王相模原線,橋本,12,(当駅止まり),1〜5番線,#dd0077
line_name,station_name,seq,down_pf,up_pf,line_color
京王高尾線,北野,1,1番線,(始発/直通),#dd0077
京王高尾線,京王片倉,2,1番線,2番線,#dd0077
京王高尾線,山田,3,1番線,2番線,#dd0077
京王高尾線,めじろ台,4,1番線,2番線,#dd0077
京王高尾線,狭間,5,1番線,2番線,#dd0077
京王高尾線,高尾,6,1番線,2番線,#dd0077
京王高尾線,高尾山口,7,(当駅止まり),1・2番線,#dd0077
line_name,station_name,seq,down_pf,up_pf,line_color
京王井の頭線,渋谷,1,(当駅始発),1・2番線,#00aed9
京王井の頭線,神泉,2,1番線,2番線,#00aed9
京王井の頭線,駒場東大前,3,1番線,2番線,#00aed9
京王井の頭線,池ノ上,4,1番線,2番線,#00aed9
京王井の頭線,下北沢,5,1番線,2番線,#00aed9
京王井の頭線,新代田,6,1番線,2番線,#00aed9
京王井の頭線,東松原,7,1番線,2番線,#00aed9
京王井の頭線,明大前,8,1番線,2番線,#00aed9
京王井の頭線,永福町,9,1・2番線,3・4番線,#00aed9
京王井の頭線,西永福,10,1番線,2番線,#00aed9
京王井の頭線,浜田山,11,1番線,2番線,#00aed9
京王井の頭線,高井戸,12,1番線,2番線,#00aed9
京王井の頭線,富士見ヶ丘,13,1番線,2番線,#00aed9
京王井の頭線,久我山,14,1番線,2番線,#00aed9
京王井の頭線,三鷹台,15,1番線,2番線,#00aed9
京王井の頭線,井の頭公園,16,1番線,2番線,#00aed9
京王井の頭線,吉祥寺,17,(当駅止まり),1・2番線,#00aed9
line_name,station_name,seq,down_pf,up_pf,line_color
京王競馬場線,東府中,1,1・2番線,(始発/直通),#dd0077
京王競馬場線,府中競馬正門前,2,(当駅止まり),1・2番線,#dd0077
京王動物園線,高幡不動,1,1番線,(始発/直通),#dd0077
京王動物園線,多摩動物公園,2,(当駅止まり),1番線,#dd0077
小田急小田原線,新宿,1,(当駅始発),2〜10番線,#2288cc
小田急小田原線,南新宿,2,1番線,2番線,#2288cc
小田急小田原線,参宮橋,3,1番線,2番線,#2288cc
小田急小田原線,代々木八幡,4,1番線,2番線,#2288cc
小田急小田原線,代々木上原,5,1・2番線,3・4番線,#2288cc
小田急小田原線,東北沢,6,1番線,2番線,#2288cc
小田急小田原線,下北沢,7,1番線,2番線,#2288cc
小田急小田原線,世田谷代田,8,1番線,2番線,#2288cc
小田急小田原線,梅ヶ丘,9,1番線,2番線,#2288cc
小田急小田原線,豪徳寺,10,1番線,2番線,#2288cc
小田急小田原線,経堂,11,1・2番線,3・4番線,#2288cc
小田急小田原線,千歳船橋,12,1番線,2番線,#2288cc
小田急小田原線,祖師ヶ谷大蔵,13,1番線,2番線,#2288cc
小田急小田原線,成城学園前,14,1・2番線,3・4番線,`#2288cc"
小田急小田原線,喜多見,15,1番線,2番線,#2288cc
小田急小田原線,狛江,16,1番線,2番線,#2288cc
小田急小田原線,和泉多摩川,17,1番線,2番線,#2288cc
小田急小田原線,登戸,18,1・2番線,3・4番線,#2288cc
小田急小田原線,向ヶ丘遊園,19,1・2番線,3・4番線,#2288cc
小田急小田原線,生田,20,1番線,2番線,#2288cc
小田急小田原線,読売ランド前,21,1番線,2番線,#2288cc
小田急小田原線,百合ヶ丘,22,1番線,2番線,#2288cc
小田急小田原線,新百合ヶ丘,23,1・2番線,3〜6番線,#2288cc
小田急小田原線,柿生,24,1番線,2番線,#2288cc
小田急小田原線,鶴川,25,1番線,2・3番線,#2288cc
小田急小田原線,玉川学園前,26,1番線,2番線,#2288cc
小田急小田原線,町田,27,1・2番線,3・4番線,#2288cc
小田急小田原線,相模大野,28,1・2番線,3・4番線,#2288cc
小田急小田原線,小田急相模原,29,1番線,2番線,#2288cc
小田急小田原線,相武台前,30,1・2番線,3・4番線,#2288cc
小田急小田原線,座間,31,1番線,2番線,#2288cc
小田急小田原線,海老名,32,1・2番線,3・4番線,#2288cc
小田急小田原線,厚木,33,1番線,2番線,#2288cc
小田急小田原線,本厚木,34,1・2番線,3・4番線,#2288cc
小田急小田原線,愛甲石田,35,1番線,2番線,#2288cc
小田急小田原線,伊勢原,36,1・2番線,3・4番線,#2288cc
小田急小田原線,鶴巻温泉,37,1番線,2番線,#2288cc
小田急小田原線,東海大学前,38,1番線,2番線,#2288cc
小田急小田原線,秦野,39,1・2番線,3・4番線,#2288cc
小田急小田原線,渋沢,40,1番線,2番線,#2288cc
小田急小田原線,新松田,41,1・2番線,3・4番線,#2288cc
小田急小田原線,開成,42,1番線,2番線,#2288cc
小田急小田原線,栢山,43,1番線,2番線,#2288cc
小田急小田原線,富水,44,1番線,2番線,#2288cc
小田急小田原線,螢田,45,1番線,2番線,#2288cc
小田急小田原線,足柄,46,1番線,2・3番線,#2288cc
小田急小田原線,小田原,47,(当駅止まり),7〜11番線,#2288cc
line_name,station_name,seq,down_pf,up_pf,line_color
小田急江ノ島線,相模大野,1,1・2番線,(始発/直通),#2288cc
小田急江ノ島線,東林間,2,1番線,2番線,#2288cc
小田急江ノ島線,中央林間,3,1番線,2番線,#2288cc
小田急江ノ島線,南林間,4,1番線,2番線,#2288cc
小田急江ノ島線,鶴間,5,1番線,2番線,#2288cc
小田急江ノ島線,大和,6,1番線,2番線,#2288cc
小田急江ノ島線,桜ヶ丘,7,1番線,2番線,#2288cc
小田急江ノ島線,高座渋谷,8,1番線,2番線,#2288cc
小田急江ノ島線,長後,9,1・2番線,3・4番線,#2288cc
小田急江ノ島線,湘南台,10,1番線,2番線,#2288cc
小田急江ノ島線,六会日大前,11,1番線,2番線,#2288cc
小田急江ノ島線,善行,12,1番線,2番線,#2288cc
小田急江ノ島線,藤沢本町,13,1番線,2番線,#2288cc
小田急江ノ島線,藤沢,14,1・2番線,3・4番線,#2288cc
小田急江ノ島線,本鵠沼,15,1番線,2番線,#2288cc
小田急江ノ島線,鵠沼海岸,16,1番線,2番線,#2288cc
小田急江ノ島線,片瀬江ノ島,17,(当駅止まり),1・2番線,#2288cc
line_name,station_name,seq,down_pf,up_pf,line_color
小田急多摩線,新百合ヶ丘,1,3・4番線,(始発/直通),#2288cc
小田急多摩線,五月台,2,1番線,2番線,#2288cc
小田急多摩線,栗平,3,1番線,2番線,#2288cc
小田急多摩線,黒川,4,1番線,2番線,#2288cc
小田急多摩線,はるひ野,5,1番線,2番線,#2288cc
小田急多摩線,小田急永山,6,1番線,2番線,#2288cc
小田急多摩線,小田急多摩センター,7,1番線,2番線,#2288cc
小田急多摩線,唐木田,8,(当駅止まり),1〜3番線,#2288cc
相鉄本線,横浜,1,(当駅始発),1〜3番線,#003f8e
相鉄本線,平沼橋,2,1番線,2番線,#003f8e
相鉄本線,西横浜,3,1番線,2番線,#003f8e
相鉄本線,天王町,4,1番線,2番線,#003f8e
相鉄本線,星川,5,1・2番線,3・4番線,#003f8e
相鉄本線,和田町,6,1番線,2番線,#003f8e
相鉄本線,上星川,7,1番線,2番線,#003f8e
相鉄本線,西谷,8,1・2番線,3・4番線,#003f8e
相鉄本線,鶴ヶ峰,9,1番線,2番線,#003f8e
相鉄本線,二俣川,10,1・2番線,3・4番線,#003f8e
相鉄本線,希望ヶ丘,11,1番線,2番線,#003f8e
相鉄本線,三ツ境,12,1番線,2番線,#003f8e
相鉄本線,瀬谷,13,1・2番線,3・4番線,#003f8e
相鉄本線,大和,14,1番線,2番線,#003f8e
相鉄本線,相模大塚,15,1番線,2番線,#003f8e
相鉄本線,さがみ野,16,1番線,2番線,#003f8e
相鉄本線,かしわ台,17,1・2番線,3・4番線,#003f8e
相鉄本線,海老名,18,(当駅止まり),1・2番線,#003f8e
line_name,station_name,seq,down_pf,up_pf,line_color
相鉄いずみ野線,二俣川,1,1・2番線,(始発/直通),#003f8e
相鉄いずみ野線,南万騎が原,2,1番線,2番線,#003f8e
相鉄いずみ野線,緑園都市,3,1番線,2番線,#003f8e
相鉄いずみ野線,弥生台,4,1番線,2番線,#003f8e
相鉄いずみ野線,いずみ野,5,1・2番線,3・4番線,#003f8e
相鉄いずみ野線,いずみ中央,6,1番線,2番線,#003f8e
相鉄いずみ野線,ゆめが丘,7,1番線,2番線,#003f8e
相鉄いずみ野線,湘南台,8,(当駅止まり),1・2番線,#003f8e
line_name,station_name,seq,down_pf,up_pf,line_color
相鉄新横浜線,西谷,1,1・4番線,(始発/直通),#003f8e
相鉄新横浜線,羽沢横浜国大,2,1番線,2番線,#003f8e
相鉄新横浜線,新横浜,3,(直通),1〜4番線,#003f8e
関東鉄道常総線,取手,1,(当駅始発),1・2番線,#f18d00
関東鉄道常総線,西取手,2,1番線,2番線,#f18d00
関東鉄道常総線,寺原,3,1番線,2番線,#f18d00
関東鉄道常総線,新取手,4,1番線,2番線,#f18d00
関東鉄道常総線,ゆめみ野,5,1番線,2番線,#f18d00
関東鉄道常総線,稲戸井,6,1番線,2番線,#f18d00
関東鉄道常総線,戸頭,7,1番線,2番線,#f18d00
関東鉄道常総線,南守谷,8,1番線,2番線,#f18d00
関東鉄道常総線,守谷,9,1・2番線,3・4番線,#f18d00
関東鉄道常総線,新守谷,10,1番線,2・3番線,#f18d00
関東鉄道常総線,小絹,11,1番線,2番線,#f18d00
関東鉄道常総線,水海道,12,1〜3番線,1〜3番線,#f18d00
関東鉄道常総線,北水海道,13,1番線,1番線,#f18d00
関東鉄道常総線,中妻,14,1番線,2番線,#f18d00
関東鉄道常総線,三妻,15,1番線,2番線,#f18d00
関東鉄道常総線,南石下,16,1番線,1番線,#f18d00
関東鉄道常総線,石下,17,1番線,2番線,#f18d00
関東鉄道常総線,玉村,18,1番線,1番線,#f18d00
関東鉄道常総線,宗道,19,1番線,2番線,#f18d00
関東鉄道常総線,下妻,20,1番線,2番線,#f18d00
関東鉄道常総線,大宝,21,1番線,2番線,#f18d00
関東鉄道常総線,騰波ノ江,22,1番線,2番線,#f18d00
関東鉄道常総線,黒子,23,1番線,2番線,#f18d00
関東鉄道常総線,大田郷,24,1番線,2番線,#f18d00
関東鉄道常総線,下館,25,(当駅止まり),5・6番線,#f18d00
line_name,station_name,seq,down_pf,up_pf,line_color
関東鉄道竜ヶ崎線,佐貫,1,(当駅始発),1番線,#000000
関東鉄道竜ヶ崎線,入地,2,1番線,1番線,#000000
関東鉄道竜ヶ崎線,竜ヶ崎,3,(当駅止まり),1番線,#000000
line_name,station_name,seq,down_pf,up_pf,line_color
野岩鉄道,新藤原,1,1・2番線,(始発/直通),#e6a32a
野岩鉄道,龍王峡,2,1番線,1番線,#e6a32a
野岩鉄道,川治温泉,3,1番線,2番線,#e6a32a
野岩鉄道,川治湯元,4,1番線,1番線,#e6a32a
野岩鉄道,湯西川温泉,5,1番線,1番線,#e6a32a
野岩鉄道,中三依温泉,6,1番線,2番線,#e6a32a
野岩鉄道,上三依塩原温泉口,7,1番線,2番線,#e6a32a
野岩鉄道,男鹿高原,8,1番線,1番線,#e6a32a
野岩鉄道,会津高原尾瀬口,9,(直通),1・2番線,#e6a32a
line_name,station_name,seq,down_pf,up_pf,line_color
上信電鉄,高崎,1,(当駅始発),0番線,#000000
上信電鉄,南高崎,2,1番線,1番線,#000000
上信電鉄,佐野のわたし,3,1番線,1番線,#000000
上信電鉄,根小屋,4,1番線,1番線,#000000
上信電鉄,高崎商科大学前,5,1番線,1番線,#000000
上信電鉄,山名,6,1番線,2番線,#000000
上信電鉄,西山名,7,1番線,1番線,#000000
上信電鉄,馬庭,8,1番線,2番線,#000000
上信電鉄,吉井,9,1番線,2番線,#000000
上信電鉄,西吉井,10,1番線,1番線,#000000
上信電鉄,上州新屋,11,1番線,1番線,#000000
上信電鉄,上州福島,12,1番線,2番線,#000000
上信電鉄,東富岡,13,1番線,1番線,#000000
上信電鉄,上州富岡,14,1番線,2番線,#000000
上信電鉄,西富岡,15,1番線,1番線,#000000
上信電鉄,上州七日市,16,1番線,1番線,#000000
上信電鉄,上州一ノ宮,17,1番線,2番線,#000000
上信電鉄,神農原,18,1番線,1番線,#000000
上信電鉄,南蛇井,19,1番線,2番線,#000000
上信電鉄,千平,20,1番線,1番線,#000000
上信電鉄,下仁田,21,(当駅止まり),1・2番線,#000000
line_name,station_name,seq,down_pf,up_pf,line_color
上毛電気鉄道,中央前橋,1,(当駅始発),1〜3番線,#ffcc00
上毛電気鉄道,城東,2,1番線,1番線,#ffcc00
上毛電気鉄道,三俣,3,1番線,1番線,#ffcc00
上毛電気鉄道,片貝,4,1番線,1番線,#ffcc00
上毛電気鉄道,上泉,5,1番線,2番線,#ffcc00
上毛電気鉄道,赤坂,6,1番線,1番線,#ffcc00
上毛電気鉄道,心臓血管センター,7,1番線,1番線,#ffcc00
上毛電気鉄道,江木,8,1番線,1番線,#ffcc00
上毛電気鉄道,大胡,9,1番線,2番線,#ffcc00
上毛電気鉄道,樋越,10,1番線,1番線,#ffcc00
上毛電気鉄道,北原,11,1番線,1番線,#ffcc00
上毛電気鉄道,新屋,12,1番線,1番線,#ffcc00
上毛電気鉄道,粕川,13,1番線,2番線,#ffcc00
上毛電気鉄道,膳,14,1番線,1番線,#ffcc00
上毛電気鉄道,新里,15,1番線,2番線,#ffcc00
上毛電気鉄道,新川,16,1番線,1番線,#ffcc00
上毛電気鉄道,東新川,17,1番線,1番線,#ffcc00
上毛電気鉄道,赤城,18,1番線,2番線,#ffcc00
上毛電気鉄道,桐生球場前,19,1番線,1番線,#ffcc00
上毛電気鉄道,天王宿,20,1番線,2番線,#ffcc00
上毛電気鉄道,富士山下,21,1番線,1番線,#ffcc00
上毛電気鉄道,丸山下,22,1番線,1番線,#ffcc00
上毛電気鉄道,西桐生,23,(当駅止まり),1・2番線,#ffcc00
line_name,station_name,seq,down_pf,up_pf,line_color
秩父鉄道,羽生,1,(当駅始発),4・5番線,#0066b3
秩父鉄道,西羽生,2,1番線,1番線,#0066b3
秩父鉄道,新郷,3,1番線,2番線,#0066b3
秩父鉄道,武州荒木,4,1番線,2番線,#0066b3
秩父鉄道,東行田,5,1番線,1番線,#0066b3
秩父鉄道,行田市,6,1番線,2番線,#0066b3
秩父鉄道,持田,7,1番線,2番線,#0066b3
秩父鉄道,ソシオ流通センター,8,1番線,1番線,#0066b3
秩父鉄道,熊谷,9,1・2番線,3番線,#0066b3
秩父鉄道,上熊谷,10,1番線,1番線,#0066b3
秩父鉄道,石原,11,1番線,2番線,#0066b3
秩父鉄道,ひろせ野鳥の森,12,1番線,1番線,#0066b3
秩父鉄道,大麻生,13,1番線,2番線,#0066b3
秩父鉄道,明戸,14,1番線,1番線,#0066b3
秩父鉄道,武川,15,1番線,2・3番線,#0066b3
秩父鉄道,永田,16,1番線,2番線,#0066b3
秩父鉄道,ふかや花園,17,1番線,1番線,#0066b3
秩父鉄道,小前田,18,1番線,2番線,#0066b3
秩父鉄道,桜沢,19,1番線,2番線,#0066b3
秩父鉄道,寄居,20,1・2番線,2番線,#0066b3
秩父鉄道,波久礼,21,1番線,2番線,#0066b3
秩父鉄道,樋口,22,1番線,2番線,#0066b3
秩父鉄道,野上,23,1番線,2番線,#0066b3
秩父鉄道,長瀞,24,1番線,2・3番線,#0066b3
秩父鉄道,上長瀞,25,1番線,2番線,#0066b3
秩父鉄道,親鼻,26,1番線,2番線,#0066b3
秩父鉄道,皆野,27,1番線,2番線,#0066b3
秩父鉄道,和銅黒谷,28,1番線,2番線,#0066b3
秩父鉄道,大野原,29,1番線,2番線,#0066b3
秩父鉄道,秩父,30,1番線,2番線,#0066b3
秩父鉄道,御花畑,31,1番線,2番線,#0066b3
秩父鉄道,影森,32,1番線,2・3番線,#0066b3
秩父鉄道,浦山口,33,1番線,1番線,#0066b3
秩父鉄道,武州中川,34,1番線,2番線,#0066b3
秩父鉄道,武州日野,35,1番線,1番線,#0066b3
秩父鉄道,白久,36,1番線,1番線,#0066b3
秩父鉄道,三峰口,37,(当駅止まり),1〜3番線,#0066b3
line_name,station_name,seq,down_pf,up_pf,line_color
小湊鉄道,五井,1,(当駅始発),1・2・4番,#f39700
小湊鉄道,上総村上,2,1番線,1番線,#f39700
小湊鉄道,海士有木,3,1番線,2番線,#f39700
小湊鉄道,上総三又,4,1番線,1番線,#f39700
小湊鉄道,上総山田,5,1番線,1番線,#f39700
小湊鉄道,光風台,6,1番線,2番線,#f39700
小湊鉄道,馬立,7,1番線,2番線,#f39700
小湊鉄道,上総牛久,8,1番線,2・3番線,#f39700
小湊鉄道,上総川間,9,1番線,1番線,#f39700
小湊鉄道,上総鶴舞,10,1番線,1番線,#f39700
小湊鉄道,上総久保,11,1番線,1番線,#f39700
小湊鉄道,高滝,12,1番線,1番線,#f39700
小湊鉄道,里見,13,1番線,2番線,#f39700
小湊鉄道,飯給,14,1番線,1番線,#f39700
小湊鉄道,月崎,15,1番線,1番線,#f39700
小湊鉄道,上総大久保,16,1番線,1番線,#f39700
小湊鉄道,養老渓谷,17,1番線,1番線,#f39700
小湊鉄道,上総中野,18,(当駅止まり),1番線,#f39700
line_name,station_name,seq,down_pf,up_pf,line_color
流鉄流山線,馬橋,1,(当駅始発),2番線,#ff6600
流鉄流山線,幸谷,2,1番線,1番線,#ff6600
流鉄流山線,小金城趾,3,1番線,2番線,#ff6600
流鉄流山線,鰭ヶ崎,4,1番線,1番線,#ff6600
流鉄流山線,平和台,5,1番線,1番線,#ff6600
流鉄流山線,流山,6,(当駅止まり),1・2番線,#ff6600
line_name,station_name,seq,down_pf,up_pf,line_color
銚子電鉄,銚子,1,(当駅始発),2・3番線,#0066cc
銚子電鉄,仲ノ町,2,1番線,1番線,#0066cc
銚子電鉄,観音,3,1番線,1番線,#0066cc
銚子電鉄,本銚子,4,1番線,1番線,#0066cc
銚子電鉄,笠上黒生,5,1番線,2番線,#0066cc
銚子電鉄,西海鹿島,6,1番線,1番線,#0066cc
銚子電鉄,海鹿島,7,1番線,1番線,#0066cc
銚子電鉄,君ヶ浜,8,1番線,1番線,#0066cc
銚子電鉄,犬吠,9,1番線,1番線,#0066cc
銚子電鉄,外川,10,(当駅止まり),1番線,#0066cc
line_name,station_name,seq,down_pf,up_pf,line_color
江ノ島電鉄,藤沢,1,(当駅始発),1・2番線,#008000
江ノ島電鉄,石上,2,1番線,1番線,#008000
江ノ島電鉄,柳小路,3,1番線,1番線,#008000
江ノ島電鉄,鵠沼,4,1番線,2番線,#008000
江ノ島電鉄,湘南海岸公園,5,1番線,1番線,#008000
江ノ島電鉄,江ノ島,6,1番線,2番線,#008000
江ノ島電鉄,腰越,7,1番線,1番線,#008000
江ノ島電鉄,鎌倉高校前,8,1番線,1番線,#008000
江ノ島電鉄,七里ヶ浜,9,1番線,1番線,#008000
江ノ島電鉄,稲村ヶ崎,10,1番線,2番線,#008000
江ノ島電鉄,極楽寺,11,1番線,1番線,#008000
江ノ島電鉄,長谷,12,1番線,2番線,#008000
江ノ島電鉄,由比ヶ浜,13,1番線,1番線,#008000
江ノ島電鉄,和田塚,14,1番線,1番線,#008000
江ノ島電鉄,鎌倉,15,(当駅止まり),3・4・5番,#008000
line_name,station_name,seq,down_pf,up_pf,line_color
小田急箱根,小田原,1,(当駅始発),7・11番線,#e60012
小田急箱根,箱根板橋,2,1番線,2番線,#e60012
小田急箱根,風祭,3,1番線,2番線,#e60012
小田急箱根,入生田,4,1番線,2番線,#e60012
小田急箱根,箱根湯本,5,1〜4番線,1〜4番線,#e60012
小田急箱根,塔ノ沢,6,1番線,2番線,#e60012
小田急箱根,大平台,7,1番線,2番線,#e60012
小田急箱根,宮ノ下,8,1番線,2番線,#e60012
小田急箱根,小涌谷,9,1番線,2番線,#e60012
小田急箱根,彫刻の森,10,1番線,2番線,#e60012
小田急箱根,強羅,11,(当駅止まり),1〜3番線,#e60012
line_name,station_name,seq,down_pf,up_pf,line_color
伊豆箱根駿豆線,三島,1,(当駅始発),7〜9番線,#0066cc
伊豆箱根駿豆線,三島広小路,2,1番線,1番線,#0066cc
伊豆箱根駿豆線,三島田町,3,1番線,2番線,#0066cc
伊豆箱根駿豆線,三島二日町,4,1番線,1番線,#0066cc
伊豆箱根駿豆線,大場,5,1番線,2・3番線,#0066cc
伊豆箱根駿豆線,伊豆仁田,6,1番線,2番線,#0066cc
伊豆箱根駿豆線,原木,7,1番線,2番線,#0066cc
伊豆箱根駿豆線,韮山,8,1番線,2番線,#0066cc
伊豆箱根駿豆線,伊豆長岡,9,1番線,2・3番線,#0066cc
伊豆箱根駿豆線,田京,10,1番線,2番線,#0066cc
伊豆箱根駿豆線,大仁,11,1番線,2番線,#0066cc
伊豆箱根駿豆線,牧之郷,12,1番線,2番線,#0066cc
伊豆箱根駿豆線,修善寺,13,(当駅止まり),1〜5番線,#0066cc
line_name,station_name,seq,down_pf,up_pf,line_color
伊豆箱根大雄山線,小田原,1,(当駅始発),1・2番線,#0066cc
伊豆箱根大雄山線,緑町,2,1番線,1番線,#0066cc
伊豆箱根大雄山線,井細田,3,1番線,1番線,#0066cc
伊豆箱根大雄山線,五百羅漢,4,1番線,2番線,#0066cc
伊豆箱根大雄山線,穴部,5,1番線,1番線,#0066cc
伊豆箱根大雄山線,飯田岡,6,1番線,1番線,#0066cc
伊豆箱根大雄山線,相模沼田,7,1番線,2番線,#0066cc
伊豆箱根大雄山線,岩原,8,1番線,1番線,#0066cc
伊豆箱根大雄山線,塚原,9,1番線,1番線,#0066cc
伊豆箱根大雄山線,和田河原,10,1番線,2番線,#0066cc
伊豆箱根大雄山線,富士フイルム前,11,1番線,1番線,#0066cc
伊豆箱根大雄山線,大雄山,12,(当駅止まり),1・2番線,#0066cc
line_name,station_name,seq,down_pf,up_pf,line_color
富士急行線,大月,1,(当駅始発),1・2番線,#00a0e9
富士急行線,上大月,2,1番線,1番線,#00a0e9
富士急行線,田野倉,3,1番線,2番線,#00a0e9
富士急行線,禾生,4,1番線,2番線,#00a0e9
富士急行線,赤坂,5,1番線,1番線,#00a0e9
富士急行線,都留市,6,1番線,2番線,#00a0e9
富士急行線,谷村町,7,1番線,1番線,#00a0e9
富士急行線,都留文科大学前,8,1番線,1番線,#00a0e9
富士急行線,十日市場,9,1番線,1番線,#00a0e9
富士急行線,東桂,10,1番線,2番線,#00a0e9
富士急行線,三つ峠,11,1番線,2番線,#00a0e9
富士急行線,寿,12,1番線,1番線,#00a0e9
富士急行線,葭池温泉前,13,1番線,1番線,#00a0e9
富士急行線,下吉田,14,1番線,2番線,#00a0e9
富士急行線,月江寺,15,1番線,1番線,#00a0e9
富士急行線,富士山,16,(SB),1〜3番線,#00a0e9
富士急行線,富士急ハイランド,17,1番線,1番線,#00a0e9
富士急行線,河口湖,18,(当駅止まり),1〜3番線,#00a0e9
line_name,station_name,seq,down_pf,up_pf,line_color
つくばエクスプレス,秋葉原,1,(当駅始発),1・2番線,#f18d00
つくばエクスプレス,新御徒町,2,1番線,2番線,#f18d00
つくばエクスプレス,浅草,3,1番線,2番線,#f18d00
つくばエクスプレス,南千住,4,1番線,2番線,#f18d00
つくばエクスプレス,北千住,5,1番線,2番線,#f18d00
つくばエクスプレス,青井,6,1番線,2番線,`#f18d00"
つくばエクスプレス,六町,7,1番線,2番線,#f18d00
つくばエクスプレス,八潮,8,1・2番線,3・4番線,#f18d00
つくばエクスプレス,三郷中央,9,1番線,2番線,#f18d00
つくばエクスプレス,南流山,10,1番線,2番線,#f18d00
つくばエクスプレス,流山セントラルパーク,11,1番線,2番線,#f18d00
つくばエクスプレス,流山おおたかの森,12,1番線,2番線,#f18d00
つくばエクスプレス,柏の葉キャンパス,13,1・2番線,3・4番線,#f18d00
つくばエクスプレス,柏たなか,14,1番線,2番線,#f18d00
つくばエクスプレス,守谷,15,1・2番線,3・4番線,#f18d00
つくばエクスプレス,みらい平,16,1番線,2番線,#f18d00
つくばエクスプレス,みどりの,17,1番線,2番線,#f18d00
つくばエクスプレス,万博記念公園,18,1番線,2番線,#f18d00
つくばエクスプレス,研究学園,19,1番線,2番線,#f18d00
つくばエクスプレス,つくば,20,(当駅止まり),1・2番線,#f18d00
line_name,station_name,seq,down_pf,up_pf,line_color
埼玉新都市交通,大宮,1,(当駅始発),1番線,#ff6600
埼玉新都市交通,鉄道博物館,2,1番線,2番線,#ff6600
埼玉新都市交通,加茂宮,3,1番線,2番線,#ff6600
埼玉新都市交通,東宮原,4,1番線,2番線,#ff6600
埼玉新都市交通,今羽,5,1番線,2番線,#ff6600
埼玉新都市交通,吉野原,6,1番線,2番線,#ff6600
埼玉新都市交通,原市,7,1番線,2番線,#ff6600
埼玉新都市交通,沼南,8,1番線,2番線,#ff6600
埼玉新都市交通,丸山,9,1・2番線,2・3番線,#ff6600
埼玉新都市交通,志久,10,1番線,2番線,#ff6600
埼玉新都市交通,伊奈中央,11,1番線,2番線,#ff6600
埼玉新都市交通,羽貫,12,1番線,2番線,#ff6600
埼玉新都市交通,内宿,13,(当駅止まり),1・2番線,#ff6600
line_name,station_name,seq,down_pf,up_pf,line_color
日暮里・舎人ライナー,日暮里,1,(当駅始発),1・2番線,#00a497
日暮里・舎人ライナー,西日暮里,2,1番線,2番線,#00a497
日暮里・舎人ライナー,赤土小学校前,3,1番線,2番線,#00a497
日暮里・舎人ライナー,熊野前,4,1番線,2番線,#00a497
日暮里・舎人ライナー,足立小台,5,1番線,2番線,#00a497
日暮里・舎人ライナー,扇大橋,6,1番線,2番線,#00a497
日暮里・舎人ライナー,高野,7,1番線,2番線,#00a497
日暮里・舎人ライナー,江北,8,1番線,2番線,#00a497
日暮里・舎人ライナー,西新井大師西,9,1番線,2番線,#00a497
日暮里・舎人ライナー,谷在家,10,1番線,2番線,#00a497
日暮里・舎人ライナー,舎人公園,11,1・2番線,3・4番線,#00a497
日暮里・舎人ライナー,舎人,12,1番線,2番線,#00a497
日暮里・舎人ライナー,見沼代親水公園,13,(当駅止まり),1・2番線,#00a497
line_name,station_name,seq,down_pf,up_pf,line_color
埼玉高速鉄道,赤羽岩淵,1,(直通),1・2番線,#00a494
埼玉高速鉄道,川口元郷,2,1番線,2番線,#00a494
埼玉高速鉄道,南鳩ヶ谷,3,1番線,2番線,#00a494
埼玉高速鉄道,鳩ヶ谷,4,1番線,2番線,#00a494
埼玉高速鉄道,新井宿,5,1番線,2番線,#00a494
埼玉高速鉄道,戸塚安行,6,1番線,2番線,#00a494
埼玉高速鉄道,東川口,7,1番線,2番線,#00a494
埼玉高速鉄道,浦和美園,8,(当駅止まり),1〜3番線,#00a494
line_name,station_name,seq,down_pf,up_pf,line_color
芝山鉄道線,東成田,1,(直通),1・2番線,#339966
芝山鉄道線,芝山千代田,2,(当駅止まり),1番線,#339966
line_name,station_name,seq,down_pf,up_pf,line_color
東葉高速鉄道,西船橋,1,(直通),5〜8番線,#0095d9
東葉高速鉄道,東海神,2,1番線,2番線,#0095d9
東葉高速鉄道,飯山満,3,1番線,2番線,#0095d9
東葉高速鉄道,北習志野,4,1番線,2番線,#0095d9
東葉高速鉄道,船橋日大前,5,1番線,2番線,#0095d9
東葉高速鉄道,八千代緑が丘,6,1・2番線,3・4番線,#0095d9
東葉高速鉄道,八千代中央,7,1番線,2番線,#0095d9
東葉高速鉄道,村上,8,1番線,2番線,#0095d9
東葉高速鉄道,東葉勝田台,9,(当駅止まり),1・2番線,#0095d9
line_name,station_name,seq,down_pf,up_pf,line_color
山万,ユーカリが丘,1,(当駅始発),1番線,#007a33
山万,地区センター,2,1番線,1番線,#007a33
山万,公園,3,1番線,(環状分岐),#007a33
山万,女子大,4,1番線,1番線,#007a33
山万,中学校,5,1番線,1番線,#007a33
山万,井野,6,1番線,1番線,#007a33
line_name,station_name,seq,down_pf,up_pf,line_color
千葉都市モノレール1号線,千葉みなと,1,(当駅始発),1・2番線,#009fe8
千葉都市モノレール1号線,市役所前,2,1番線,2番線,#009fe8
千葉都市モノレール1号線,千葉,3,1・2番線,3・4番線,#009fe8
千葉都市モノレール1号線,栄町,4,1番線,2番線,#009fe8
千葉都市モノレール1号線,葭川公園,5,1番線,2番線,#009fe8
千葉都市モノレール1号線,県庁前,6,(当駅止まり),1・2番線,#009fe8
line_name,station_name,seq,down_pf,up_pf,line_color
千葉都市モノレール2号線,千葉,1,(1号線直通),1〜4番線,#009fe8
千葉都市モノレール2号線,千葉公園,2,1番線,2番線,#009fe8
千葉都市モノレール2号線,作草部,3,1番線,2番線,#009fe8
千葉都市モノレール2号線,天台,4,1番線,2番線,#009fe8
千葉都市モノレール2号線,穴川,5,1番線,2番線,#009fe8
千葉都市モノレール2号線,スポーツセンター,6,1番線,2番線,#009fe8
千葉都市モノレール2号線,動物公園,7,1・2番線,2・3番線,#009fe8
千葉都市モノレール2号線,みつわ台,8,1番線,2番線,#009fe8
千葉都市モノレール2号線,都賀,9,1番線,2番線,#009fe8
千葉都市モノレール2号線,桜木,10,1番線,2番線,#009fe8
千葉都市モノレール2号線,小倉台,11,1番線,2番線,#009fe8
千葉都市モノレール2号線,千城台北,12,1番線,2番線,`#009fe8"
千葉都市モノレール2号線,千城台,13,(当駅止まり),1・2番線,#009fe8
line_name,station_name,seq,down_pf,up_pf,line_color
ディズニーリゾートライン,リゾートゲートウェイ,1,1番線,(降車専用),#f9ca00
ディズニーリゾートライン,東京ディズニーランド,2,1番線,(降車専用),#f9ca00
ディズニーリゾートライン,ベイサイド,3,1番線,(降車専用),#f9ca00
ディズニーリゾートライン,東京ディズニーシー,4,1番線,(降車専用),#f9ca00
line_name,station_name,seq,down_pf,up_pf,line_color
いすみ鉄道,上総中野,1,(直通),1番線,#ffd700
いすみ鉄道,西畑,2,1番線,1番線,#ffd700
いすみ鉄道,総元,3,1番線,1番線,#ffd700
いすみ鉄道,久我原,4,1番線,1番線,#ffd700
いすみ鉄道,東総元,5,1番線,1番線,#ffd700
いすみ鉄道,小谷松,6,1番線,1番線,#ffd700
いすみ鉄道,大多喜,7,1番線,2番線,#ffd700
いすみ鉄道,城見ヶ丘,8,1番線,1番線,#ffd700
いすみ鉄道,上総中川,9,1番線,1番線,#ffd700
いすみ鉄道,国吉,10,1番線,2番線,#ffd700
いすみ鉄道,新田野,11,1番線,1番線,#ffd700
いすみ鉄道,上総東,12,1番線,2番線,#ffd700
いすみ鉄道,西大原,13,1番線,1番線,#ffd700
いすみ鉄道,大原,14,(当駅止まり),1・2番線,#ffd700
line_name,station_name,seq,down_pf,up_pf,line_color
りんかい線,大崎,1,(直通),5〜8番線,#004194
りんかい線,大井町,2,1番線,2番線,#004194
りんかい線,品川シーサイド,3,1番線,2番線,#004194
りんかい線,天王洲アイル,4,1番線,2番線,#004194
りんかい線,東京テレポート,5,1番線,2番線,#004194
りんかい線,国際展示場,6,1番線,2番線,#004194
りんかい線,東雲,7,1番線,2番線,#004194
りんかい線,新木場,8,(当駅止まり),1・2番線,#004194
line_name,station_name,seq,down_pf,up_pf,line_color
都電荒川線,三ノ輪橋,1,(当駅始発),乗車ホーム,#ec6d71
都電荒川線,荒川一中前,2,1番ホーム,2番ホーム,#ec6d71
都電荒川線,荒川区役所前,3,1番ホーム,2番ホーム,#ec6d71
都電荒川線,荒川二丁目,4,1番ホーム,2番ホーム,#ec6d71
都電荒川線,荒川七丁目,5,1番ホーム,2番ホーム,#ec6d71
都電荒川線,町屋駅前,6,1番ホーム,2番ホーム,#ec6d71
都電荒川線,町屋二丁目,7,1番ホーム,2番ホーム,#ec6d71
都電荒川線,東尾久三丁目,8,1番ホーム,2番ホーム,#ec6d71
都電荒川線,熊野前,9,1番ホーム,2番ホーム,#ec6d71
都電荒川線,宮ノ前,10,1番ホーム,2番ホーム,#ec6d71
都電荒川線,小台,11,1番ホーム,2番ホーム,#ec6d71
都電荒川線,荒川遊園地前,12,1番ホーム,2番ホーム,#ec6d71
都電荒川線,荒川車庫前,13,1番ホーム,2番ホーム,#ec6d71
都電荒川線,梶原,14,1番ホーム,2番ホーム,#ec6d71
都電荒川線,栄町,15,1番ホーム,2番ホーム,#ec6d71
都電荒川線,王子駅前,16,1番ホーム,2番ホーム,#ec6d71
都電荒川線,飛鳥山,17,1番ホーム,2番ホーム,#ec6d71
都電荒川線,滝野川一丁目,18,1番ホーム,2番ホーム,#ec6d71
都電荒川線,西ヶ原四丁目,19,1番ホーム,2番ホーム,#ec6d71
都電荒川線,新庚申塚,20,1番ホーム,2番ホーム,#ec6d71
都電荒川線,庚申塚,21,1番ホーム,2番ホーム,#ec6d71
都電荒川線,巣鴨新田,22,1番ホーム,2番ホーム,#ec6d71
都電荒川線,大塚駅前,23,1番ホーム,2番ホーム,#ec6d71
都電荒川線,向原,24,1番ホーム,2番ホーム,#ec6d71
都電荒川線,東池袋四丁目,25,1番ホーム,2番ホーム,#ec6d71
都電荒川線,都電雑司ヶ谷,26,1番ホーム,2番ホーム,#ec6d71
都電荒川線,鬼子母神前,27,1番ホーム,2番ホーム,#ec6d71
都電荒川線,学習院下,28,1番ホーム,2番ホーム,#ec6d71
都電荒川線,面影橋,29,1番ホーム,2番ホーム,#ec6d71
都電荒川線,早稲田,30,(当駅止まり),降車ホーム,#ec6d71
line_name,station_name,seq,down_pf,up_pf,line_color
ゆりかもめ,新橋,1,(当駅始発),1・2番線,#0041ff
ゆりかもめ,汐留,2,1番線,2番線,#0041ff
ゆりかもめ,竹芝,3,1番線,2番線,#0041ff
ゆりかもめ,日の出,4,1番線,2番線,#0041ff
ゆりかもめ,芝浦ふ頭,5,1番線,2番線,#0041ff
ゆりかもめ,お台場海浜公園,6,1番線,2番線,#0041ff
ゆりかもめ,台場,7,1番線,2番線,#0041ff
ゆりかもめ,東京国際クルーズターミナル,8,1番線,2番線,#0041ff
ゆりかもめ,テレコムセンター,9,1番線,2番線,#0041ff
ゆりかもめ,青海,10,1番線,2番線,#0041ff
ゆりかもめ,東京ビッグサイト,11,1番線,2番線,#0041ff
ゆりかもめ,有明,12,1・2番線,3・4番線,#0041ff
ゆりかもめ,有明テニスの森,13,1番線,2番線,#0041ff
ゆりかもめ,市場前,14,1番線,2番線,#0041ff
ゆりかもめ,新豊洲,15,1番線,2番線,#0041ff
ゆりかもめ,豊洲,16,(当駅止まり),1・2番線,#0041ff
line_name,station_name,seq,down_pf,up_pf,line_color
多摩モノレール,上北台,1,(当駅始発),1・2番線,#f39700
多摩モノレール,桜街道,2,1番線,2番線,#f39700
多摩モノレール,玉川上水,3,1番線,2番線,#f39700
多摩モノレール,砂川七番,4,1番線,2番線,#f39700
多摩モノレール,泉体育館,5,1番線,2番線,#f39700
多摩モノレール,立飛,6,1番線,2番線,#f39700
多摩モノレール,高松,7,1番線,2番線,#f39700
多摩モノレール,立川北,8,1番線,2番線,#f39700
多摩モノレール,立川南,9,1番線,2番線,#f39700
多摩モノレール,柴崎体育館,10,1番線,2番線,#f39700
多摩モノレール,甲州街道,11,1番線,2番線,#f39700
多摩モノレール,万願寺,12,1番線,2番線,#f39700
多摩モノレール,高幡不動,13,1番線,2番線,#f39700
多摩モノレール,程久保,14,1番線,2番線,#f39700
多摩モノレール,多摩動物公園,15,1番線,2番線,#f39700
多摩モノレール,中央大学・明星大学,16,1番線,2番線,#f39700
多摩モノレール,大塚・帝京大学,17,1番線,2番線,#f39700
多摩モノレール,松が谷,18,1番線,2番線,#f39700
多摩モノレール,多摩センター,19,(当駅止まり),1・2番線,#f39700
line_name,station_name,seq,down_pf,up_pf,line_color
横浜市営地下鉄ブルーライン,あざみ野,1,(当駅始発),1・2番線,#003f8e
横浜市営地下鉄ブルーライン,中川,2,1番線,2番線,#003f8e
横浜市営地下鉄ブルーライン,センター北,3,1番線,2番線,#003f8e
横浜市営地下鉄ブルーライン,センター南,4,1番線,2番線,#003f8e
横浜市営地下鉄ブルーライン,仲町台,5,1番線,2番線,#003f8e
横浜市営地下鉄ブルーライン,新羽,6,1・2番線,2・3番線,#003f8e
横浜市営地下鉄ブルーライン,北新横浜,7,1番線,2番線,#003f8e
横浜市営地下鉄ブルーライン,新横浜,8,1番線,2番線,#003f8e
横浜市営地下鉄ブルーライン,岸根公園,9,1番線,2番線,#003f8e
横浜市営地下鉄ブルーライン,片倉町,10,1番線,2番線,#003f8e
横浜市営地下鉄ブルーライン,三ツ沢上町,11,1番線,2番線,#003f8e
横浜市営地下鉄ブルーライン,三ツ沢下町,12,1番線,2番線,#003f8e
横浜市営地下鉄ブルーライン,横浜,13,1番線,2番線,#003f8e
横浜市営地下鉄ブルーライン,高島町,14,1番線,2番線,#003f8e
横浜市営地下鉄ブルーライン,桜木町,15,1番線,2番線,#003f8e
横浜市営地下鉄ブルーライン,関内,16,1番線,2番線,#003f8e
横浜市営地下鉄ブルーライン,伊勢佐木長者町,17,1番線,2番線,#003f8e
横浜市営地下鉄ブルーライン,阪東橋,18,1番線,2番線,#003f8e
横浜市営地下鉄ブルーライン,吉野町,19,1番線,2番線,#003f8e
横浜市営地下鉄ブルーライン,蒔田,20,1番線,2番線,#003f8e
横浜市営地下鉄ブルーライン,弘明寺,21,1番線,2番線,#003f8e
横浜市営地下鉄ブルーライン,上大岡,22,1番線,2番線,#003f8e
横浜市営地下鉄ブルーライン,港南中央,23,1番線,2番線,#003f8e
横浜市営地下鉄ブルーライン,上永谷,24,1・2番線,3・4番線,#003f8e
横浜市営地下鉄ブルーライン,下永谷,25,1番線,2番線,#003f8e
横浜市営地下鉄ブルーライン,舞岡,26,1番線,2番線,#003f8e
横浜市営地下鉄ブルーライン,戸塚,27,1番線,2番線,#003f8e
横浜市営地下鉄ブルーライン,踊場,28,1番線,2番線,#003f8e
横浜市営地下鉄ブルーライン,中田,29,1番線,2番線,#003f8e
横浜市営地下鉄ブルーライン,立場,30,1番線,2番線,#003f8e
横浜市営地下鉄ブルーライン,下飯田,31,1番線,2番線,#003f8e
横浜市営地下鉄ブルーライン,湘南台,32,(当駅止まり),1・2番線,#003f8e
line_name,station_name,seq,down_pf,up_pf,line_color
横浜市営地下鉄グリーンライン,中山,1,(当駅始発),1・2番線,#00a650
横浜市営地下鉄グリーンライン,川和町,2,1番線,2番線,#00a650
横浜市営地下鉄グリーンライン,都筑ふれあいの丘,3,1番線,2番線,#00a650
横浜市営地下鉄グリーンライン,センター南,4,1番線,2番線,#00a650
横浜市営地下鉄グリーンライン,センター北,5,1番線,2番線,#00a650
横浜市営地下鉄グリーンライン,北山田,6,1番線,2番線,#00a650
横浜市営地下鉄グリーンライン,東山田,7,1番線,2番線,#00a650
横浜市営地下鉄グリーンライン,高田,8,1番線,2番線,#00a650
横浜市営地下鉄グリーンライン,日吉本町,9,1番線,2番線,#00a650
横浜市営地下鉄グリーンライン,日吉,10,(当駅止まり),1・2番線,#00a650
line_name,station_name,seq,down_pf,up_pf,line_color
横浜シーサイドライン,新杉田,1,(当駅始発),1・2番線,#f39700
横浜シーサイドライン,南部市場,2,1番線,2番線,#f39700
横浜シーサイドライン,鳥浜,3,1番線,2番線,#f39700
横浜シーサイドライン,並木北,4,1番線,2番線,#f39700
横浜シーサイドライン,並木中央,5,1・2番線,3・4番線,#f39700
横浜シーサイドライン,幸浦,6,1番線,2番線,#f39700
横浜シーサイドライン,産業振興センター,7,1番線,2番線,#f39700
横浜シーサイドライン,福浦,8,1番線,2番線,#f39700
横浜シーサイドライン,市大医学部,9,1番線,2番線,#f39700
横浜シーサイドライン,八景島,10,1番線,2番線,#f39700
横浜シーサイドライン,海の公園柴口,11,1番線,2番線,#f39700
横浜シーサイドライン,海の公園南口,12,1番線,2番線,#f39700
横浜シーサイドライン,野島公園,13,1番線,2番線,#f39700
横浜シーサイドライン,金沢八景,14,(当駅止まり),1・2番線,#f39700
line_name,station_name,seq,down_pf,up_pf,line_color
みなとみらい線,横浜,1,(直通),1・2番線,#003399
みなとみらい線,新高島,2,1番線,2番線,#003399
みなとみらい線,みなとみらい,3,1番線,2番線,#003399
みなとみらい線,馬車道,4,1番線,2番線,#003399
みなとみらい線,日本大通り,5,1番線,2番線,#003399
みなとみらい線,元町・中華街,6,(当駅止まり),1・2番線,#003399
line_name,station_name,seq,down_pf,up_pf,line_color
湘南モノレール,大船,1,(当駅始発),1・2番線,#ff0000
湘南モノレール,富士見町,2,1番線,2番線,#ff0000
湘南モノレール,湘南町屋,3,1番線,2番線,#ff0000
湘南モノレール,湘南深沢,4,1番線,2番線,#ff0000
湘南モノレール,西鎌倉,5,1番線,2番線,#ff0000
湘南モノレール,片瀬山,6,1番線,1番線,#ff0000
湘南モノレール,目白山下,7,1番線,2番線,#ff0000
湘南モノレール,湘南江の島,8,(当駅止まり),1・2番線,#ff0000
